time,kinetic_energy,potential_energy,total_energy,max_speed,com_x,com_y,com_z,max_height,min_height,active_contacts,candidate_pairs
0,0,61.592515663313,61.592515663313,0,0.50617054502792,0.51873164121222,0.72284526705328,0.98668889784927,0.45016448164033,0,0
0.0001,0.37556301441728,61.592507304365,61.968070318783,2.2625187256258,0.50617054502792,0.51873164121222,0.72284516895328,0.98668879974927,0.45016438354033,17,105
0.0002,0.37557555283883,61.59249058647,61.968066139309,2.2626437106927,0.50617054502792,0.51873164121222,0.72284497275328,0.98668860354927,0.45016418734033,0,105
0.0003,0.37559645020811,61.592465509627,61.968061959835,2.2627691141583,0.50617054502792,0.51873164121222,0.72284467845328,0.98668830924927,0.45016389304033,0,105
0.0004,0.37562570652507,61.592432073836,61.968057780361,2.2628949359531,0.50617054502792,0.51873164121222,0.72284428605328,0.98668791684927,0.45016350064033,0,105
0.0005,0.37566332178974,61.592390279098,61.968053600887,2.2630211760074,0.50617054502792,0.51873164121222,0.72284379555328,0.98668742634927,0.45016301014033,0,105
0.0006,0.37570929600213,61.592340125411,61.968049421413,2.2631478342511,0.50617054502792,0.51873164121222,0.72284320695328,0.98668683774927,0.45016242154033,0,105
0.0007,0.37576362916221,61.592281612777,61.96804524194,2.2632749106141,0.50617054502792,0.51873164121222,0.72284252025328,0.98668615104927,0.45016173484033,0,105
0.0008,0.37582632127001,61.592214741196,61.968041062466,2.2634024050259,0.50617054502792,0.51873164121222,0.72284173545328,0.98668536624927,0.45016095004033,0,105
0.0009,0.3758973723255,61.592139510666,61.968036882992,2.2635303174158,0.50617054502792,0.51873164121222,0.72284085255328,0.98668448334927,0.45016006714033,0,105
0.001,0.37597678232871,61.592055921189,61.968032703518,2.2636586477131,0.50617054502792,0.51873164121222,0.72283987155328,0.98668350234927,0.45015908614033,0,105
0.0011,0.37606455127962,61.591963972765,61.968028524044,2.2637873958466,0.50617054502792,0.51873164121222,0.72283879245328,0.98668242324927,0.45015800704033,0,105
0.0012,0.37616067917824,61.591863665392,61.96802434457,2.263916561745,0.50617054502792,0.51873164121222,0.72283761525328,0.98668124604927,0.45015682984033,0,105
0.0013,0.37626516602455,61.591754999072,61.968020165097,2.2640461453369,0.50617054502792,0.51873164121222,0.72283633995328,0.98667997074927,0.45015555454033,0,105
0.0014,0.37637801181859,61.591637973804,61.968015985623,2.2641761465506,0.50617054502792,0.51873164121222,0.72283496655328,0.98667859734927,0.45015418114033,0,105
0.0015,0.37649921656031,61.591512589589,61.968011806149,2.264306565314,0.50617054502792,0.51873164121222,0.72283349505328,0.98667712584927,0.45015270964033,0,105
0.0016,0.37662878024975,61.591378846425,61.968007626675,2.2644374015552,0.50617054502792,0.51873164121222,0.72283192545328,0.98667555624927,0.45015114004033,0,105
0.0017,0.3767667028869,61.591236744314,61.968003447201,2.2645686552016,0.50617054502792,0.51873164121222,0.72283025775328,0.98667388854927,0.45014947234033,0,105
0.0018,0.37691298447174,61.591086283256,61.967999267727,2.2647003261807,0.50617054502792,0.51873164121222,0.72282849195328,0.98667212274927,0.45014770654033,0,105
0.0019,0.37706762500429,61.590927463249,61.967995088253,2.2648324144198,0.50617054502792,0.51873164121222,0.72282662805328,0.98667025884927,0.45014584264033,0,105
0.002,0.37723062448456,61.590760284295,61.96799090878,2.2649649198459,0.50617054502792,0.51873164121222,0.72282466605328,0.98666829684927,0.45014388064033,0,105
0.0021,0.37740198291252,61.590584746393,61.967986729306,2.2650978423856,0.50617054502792,0.51873164121222,0.72282260595328,0.98666623674927,0.45014182054033,0,106
0.0022,0.37758170028819,61.590400849544,61.967982549832,2.2652311819657,0.50617054502792,0.51873164121222,0.72282044775328,0.98666407854927,0.45013966234033,0,106
0.0023,0.37776977661157,61.590208593746,61.967978370358,2.2653649385124,0.50617054502792,0.51873164121222,0.72281819145328,0.98666182224927,0.45013740604033,0,106
0.0024,0.37796621188265,61.590007979002,61.967974190884,2.2654991119519,0.50617054502792,0.51873164121222,0.72281583705328,0.98665946784927,0.45013505164033,0,106
0.0025,0.37817100610144,61.589799005309,61.96797001141,2.2656337022102,0.50617054502792,0.51873164121222,0.72281338455328,0.98665701534927,0.45013259914033,0,106
0.0026,0.37838415926793,61.589581672669,61.967965831937,2.2657687092129,0.50617054502792,0.51873164121222,0.72281083395328,0.98665446474927,0.45013004854033,0,106
0.0027,0.37860567138213,61.58935598108,61.967961652463,2.2659041328855,0.50617054502792,0.51873164121222,0.72280818525328,0.98665181604927,0.45012739984033,0,106
0.0028,0.37883554244404,61.589121930545,61.967957472989,2.2660399731535,0.50617054502792,0.51873164121222,0.72280543845328,0.98664906924927,0.45012465304033,0,106
0.0029,0.37907377245365,61.588879521061,61.967953293515,2.2661762299418,0.50617054502792,0.51873164121222,0.72280259355328,0.98664622434927,0.45012180814033,0,105
0.003,0.37932036141096,61.58862875263,61.967949114041,2.2663129031753,0.50617054502792,0.51873164121222,0.72279965055328,0.98664328134927,0.45011886514033,0,105
0.0031,0.37957530931599,61.588369625251,61.967944934567,2.2664499927786,0.50617054502792,0.51873164121222,0.72279660945328,0.98664024024927,0.45011582404033,0,105
0.0032,0.37983861616872,61.588102138925,61.967940755093,2.2665874986764,0.50617054502792,0.51873164121222,0.72279347025328,0.98663710104927,0.45011268484033,0,105
0.0033,0.38011028196915,61.58782629365,61.967936575619,2.2667254207926,0.50617054502792,0.51873164121222,0.72279023295328,0.98663386374927,0.45010944754033,0,105
0.0034,0.38039030671729,61.587542089428,61.967932396146,2.2668637590515,0.50617054502792,0.51873164121222,0.72278689755328,0.98663052834927,0.45010611214033,0,106
0.0035,0.38067869041314,61.587249526259,61.967928216672,2.2670025133768,0.50617054502792,0.51873164121222,0.72278346405328,0.98662709484927,0.45010267864033,0,106
0.0036,0.38097543305669,61.586948604141,61.967924037198,2.2671416836921,0.50617054502792,0.51873164121222,0.72277993245328,0.98662356324927,0.45009914704033,0,106
0.0037,0.38128053464794,61.586639323076,61.967919857724,2.2672812699209,0.50617054502792,0.51873164121222,0.72277630275328,0.98661993354927,0.45009551734033,0,106
0.0038,0.3815939951869,61.586321683063,61.96791567825,2.2674212719862,0.50617054502792,0.51873164121222,0.72277257495328,0.98661620574927,0.45009178954033,0,106
0.0039,0.38191581467357,61.585995684103,61.967911498776,2.2675616898112,0.50617054502792,0.51873164121222,0.72276874905328,0.98661237984927,0.45008796364033,0,106
0.004,0.38224599310794,61.585661326195,61.967907319302,2.2677025233185,0.50617054502792,0.51873164121222,0.72276482505328,0.98660845584927,0.45008403964033,0,104
0.0041,0.38258453049002,61.585318609339,61.967903139829,2.2678437724307,0.50617054502792,0.51873164121222,0.72276080295328,0.98660443374927,0.45008001754033,0,104
0.0042,0.38293142681981,61.584967533535,61.967898960355,2.2679854370701,0.50617054502792,0.51873164121222,0.72275668275328,0.98660031354927,0.45007589734033,0,104
0.0043,0.38328668209729,61.584608098784,61.967894780881,2.268127517159,0.50617054502792,0.51873164121222,0.72275246445328,0.98659609524927,0.45007167904033,0,104
0.0044,0.38365029632249,61.584240305085,61.967890601407,2.2682700126192,0.50617054502792,0.51873164121222,0.72274814805328,0.98659177884927,0.45006736264033,0,104
0.0045,0.38402226949539,61.583864152438,61.967886421933,2.2684129233724,0.50617054502792,0.51873164121222,0.72274373355328,0.98658736434927,0.45006294814033,0,104
0.0046,0.384402601616,61.583479640843,61.967882242459,2.2685562493403,0.50617054502792,0.51873164121222,0.72273922095328,0.98658285174927,0.45005843554033,0,104
0.0047,0.38479129268431,61.583086770301,61.967878062986,2.2686999904439,0.50617054502792,0.51873164121222,0.72273461025328,0.98657824104927,0.45005382484033,0,105
0.0048,0.38518834270033,61.582685540811,61.967873883512,2.2688441466046,0.50617054502792,0.51873164121222,0.72272990145328,0.98657353224927,0.45004911604033,0,105
0.0049,0.38559375166406,61.582275952374,61.967869704038,2.2689887177431,0.50617054502792,0.51873164121222,0.72272509455328,0.98656872534927,0.45004430914033,0,105
0.005,0.38600751957549,61.581858004989,61.967865524564,2.2691337037802,0.50617054502792,0.51873164121222,0.72272018955328,0.98656382034927,0.45003940414033,0,105
0.0051,0.38642964643463,61.581431698656,61.96786134509,2.2692791046363,0.50617054502792,0.51873164121222,0.72271518645328,0.98655881724927,0.45003440104033,0,105
0.0052,0.38686013224146,61.580997033375,61.967857165616,2.2694249202317,0.50617054502792,0.51873164121222,0.72271008525328,0.98655371604927,0.45002929984033,0,105
0.0053,0.387298976996,61.580554009146,61.967852986142,2.2695711504864,0.50617054502792,0.51873164121222,0.72270488595328,0.98654851674927,0.45002410054033,0,105
0.0054,0.38774618069826,61.58010262597,61.967848806669,2.2697177953203,0.50617054502792,0.51873164121222,0.72269958855328,0.98654321934927,0.45001880314033,0,105
0.0055,0.38820174334821,61.579642883847,61.967844627195,2.2698648546531,0.50617054502792,0.51873164121222,0.72269419305328,0.98653782384927,0.45001340764033,0,105
0.0056,0.38866566494587,61.579174782775,61.967840447721,2.2700123284042,0.50617054502792,0.51873164121222,0.72268869945328,0.98653233024927,0.45000791404033,0,105
0.0057,0.38913794549124,61.578698322756,61.967836268247,2.2701602164928,0.50617054502792,0.51873164121222,0.72268310775328,0.98652673854927,0.45000232234033,0,104
0.0058,0.38961858498433,61.578213503789,61.967832088773,2.270308518838,0.50617054502792,0.51873164121222,0.72267741795328,0.98652104874927,0.44999663254033,0,104
0.0059,0.3901075834251,61.577720325874,61.967827909299,2.2704572353585,0.50617054502792,0.51873164121222,0.72267163005328,0.98651526084927,0.44999084464033,0,104
0.006,0.39060494081359,61.577218789012,61.967823729825,2.2706063659731,0.50617054502792,0.51873164121222,0.72266574405328,0.98650937484927,0.44998495864033,0,104
0.0061,0.39111065714978,61.576708893202,61.967819550352,2.2707559106001,0.50617054502792,0.51873164121222,0.72265975995328,0.98650339074927,0.44997897454033,0,104
0.0062,0.39162473243368,61.576190638444,61.967815370878,2.2709058691577,0.50617054502792,0.51873164121222,0.72265367775328,0.98649730854927,0.44997289234033,0,104
0.0063,0.39214716666528,61.575664024739,61.967811191404,2.2710562415639,0.50617054502792,0.51873164121222,0.72264749745328,0.98649112824927,0.44996671204033,0,104
0.0064,0.39267795984459,61.575129052086,61.96780701193,2.2712070277366,0.50617054502792,0.51873164121222,0.72264121905328,0.98648484984927,0.44996043364033,0,104
0.0065,0.39321711197161,61.574585720485,61.967802832456,2.2713582275933,0.50617054502792,0.51873164121222,0.72263484255328,0.98647847334927,0.44995405714033,0,104
0.0066,0.39376462304632,61.574034029936,61.967798652982,2.2715098410514,0.50617054502792,0.51873164121222,0.72262836795328,0.98647199874927,0.44994758254033,0,104
0.0067,0.39432049306874,61.57347398044,61.967794473509,2.2716618680281,0.50617054502792,0.51873164121222,0.72262179525328,0.98646542604927,0.44994100984033,0,104
0.0068,0.39488472203887,61.572905571996,61.967790294035,2.2718143084404,0.50617054502792,0.51873164121222,0.72261512445328,0.98645875524927,0.44993433904033,0,104
0.0069,0.39545730995672,61.572328804604,61.967786114561,2.2719671622051,0.50617054502792,0.51873164121222,0.72260835555328,0.98645198634927,0.44992757014033,0,104
0.007,0.39603825682226,61.571743678265,61.967781935087,2.2721204292387,0.50617054502792,0.51873164121222,0.72260148855328,0.98644511934927,0.44992070314033,0,104
0.0071,0.39662756263551,61.571150192978,61.967777755613,2.2722741094576,0.50617054502792,0.51873164121222,0.72259452345328,0.98643815424927,0.44991373804033,0,104
0.0072,0.39722522739645,61.570548348743,61.967773576139,2.272428202778,0.50617054502792,0.51873164121222,0.72258746025328,0.98643109104927,0.44990667484033,0,104
0.0073,0.39783125110511,61.56993814556,61.967769396665,2.2725827091159,0.50617054502792,0.51873164121222,0.72258029895328,0.98642392974927,0.44989951354033,0,105
0.0074,0.39844563376149,61.56931958343,61.967765217192,2.272737628387,0.50617054502792,0.51873164121222,0.72257303955328,0.98641667034927,0.44989225414033,0,105
0.0075,0.39906837536556,61.568692662352,61.967761037718,2.2728929605069,0.50617054502792,0.51873164121222,0.72256568205328,0.98640931284927,0.44988489664033,0,105
0.0076,0.39969947591732,61.568057382327,61.967756858244,2.273048705391,0.50617054502792,0.51873164121222,0.72255822645328,0.98640185724927,0.44987744104033,0,105
0.0077,0.40033893541681,61.567413743353,61.96775267877,2.2732048629543,0.50617054502792,0.51873164121222,0.72255067275328,0.98639430354927,0.44986988734033,0,105
0.0078,0.400986753864,61.566761745432,61.967748499296,2.2733614331119,0.50617054502792,0.51873164121222,0.72254302095328,0.98638665174927,0.44986223554033,0,106
0.0079,0.40164293125889,61.566101388563,61.967744319822,2.2735184157786,0.50617054502792,0.51873164121222,0.72253527105328,0.98637890184927,0.44985448564033,0,106
0.008,0.40230746760149,61.565432672747,61.967740140348,2.2736758108688,0.50617054502792,0.51873164121222,0.72252742305328,0.98637105384927,0.44984663764033,0,106
0.0081,0.4029803628918,61.564755597983,61.967735960875,2.273833618297,0.50617054502792,0.51873164121222,0.72251947695328,0.98636310774927,0.44983869154033,0,106
0.0082,0.4036616171298,61.564070164271,61.967731781401,2.2739918379773,0.50617054502792,0.51873164121222,0.72251143275328,0.98635506354927,0.44983064734033,0,106
0.0083,0.40435123031552,61.563376371611,61.967727601927,2.2741504698236,0.50617054502792,0.51873164121222,0.72250329045328,0.98634692124927,0.44982250504033,0,106
0.0084,0.40504920244895,61.562674220004,61.967723422453,2.2743095137497,0.50617054502792,0.51873164121222,0.72249505005328,0.98633868084927,0.44981426464033,0,106
0.0085,0.40575553353007,61.561963709449,61.967719242979,2.2744689696692,0.50617054502792,0.51873164121222,0.72248671155328,0.98633034234927,0.44980592614033,0,105
0.0086,0.4064702235589,61.561244839946,61.967715063505,2.2746288374954,0.50617054502792,0.51873164121222,0.72247827495328,0.98632190574927,0.44979748954033,0,105
0.0087,0.40719327253544,61.560517611496,61.967710884031,2.2747891171415,0.50617054502792,0.51873164121222,0.72246974025328,0.98631337104927,0.44978895484033,0,105
0.0088,0.40792468045968,61.559782024098,61.967706704558,2.2749498085204,0.50617054502792,0.51873164121222,0.72246110745328,0.98630473824927,0.44978032204033,0,105
0.0089,0.40866444733163,61.559038077752,61.967702525084,2.2751109115449,0.50617054502792,0.51873164121222,0.72245237655328,0.98629600734927,0.44977159114033,0,104
0.009,0.40941257315129,61.558285772459,61.96769834561,2.2752724261275,0.50617054502792,0.51873164121222,0.72244354755328,0.98628717834927,0.44976276214033,0,104
0.0091,0.41016905791865,61.557525108217,61.967694166136,2.2754343521807,0.50617054502792,0.51873164121222,0.72243462045328,0.98627825124927,0.44975383504033,0,104
0.0092,0.41093390163372,61.556756085028,61.967689986662,2.2755966896165,0.50617054502792,0.51873164121222,0.72242559525328,0.98626922604927,0.44974480984033,0,104
0.0093,0.41170710429648,61.555978702892,61.967685807188,2.275759438347,0.50617054502792,0.51873164121222,0.72241647195328,0.98626010274927,0.44973568654033,0,104
0.0094,0.41248866590697,61.555192961808,61.967681627714,2.2759225982838,0.50617054502792,0.51873164121222,0.72240725055328,0.98625088134927,0.44972646514033,0,104
0.0095,0.41327858646515,61.554398861775,61.967677448241,2.2760861693386,0.50617054502792,0.51873164121222,0.72239793105328,0.98624156184927,0.44971714564033,0,104
0.0096,0.41407686597104,61.553596402796,61.967673268767,2.2762501514228,0.50617054502792,0.51873164121222,0.72238851345328,0.98623214424927,0.44970772804033,0,104
0.0097,0.41488350442463,61.552785584868,61.967669089293,2.2764145444474,0.50617054502792,0.51873164121222,0.72237899775328,0.98622262854927,0.44969821234033,0,104
0.0098,0.41569850182594,61.551966407993,61.967664909819,2.2765793483236,0.50617054502792,0.51873164121222,0.72236938395328,0.98621301474927,0.44968859854033,0,104
0.0099,0.41652185817494,61.55113887217,61.967660730345,2.276744562962,0.50617054502792,0.51873164121222,0.72235967205328,0.98620330284927,0.44967888664033,0,104
0.01,0.41735357347165,61.5503029774,61.967656550871,2.2769101882733,0.50617054502792,0.51873164121222,0.72234986205328,0.98619349284927,0.44966907664033,0,104
0.0101,0.41819364771607,61.549458723681,61.967652371398,2.2770762241678,0.50617054502792,0.51873164121222,0.72233995395328,0.98618358474927,0.44965916854033,0,104
0.0102,0.41904208090819,61.548606111016,61.967648191924,2.2772426705557,0.50617054502792,0.51873164121222,0.72232994775328,0.98617357854927,0.44964916234033,0,104
0.0103,0.41989887304801,61.547745139402,61.96764401245,2.2774095273471,0.50617054502792,0.51873164121222,0.72231984345328,0.98616347424927,0.44963905804033,0,105
0.0104,0.42076402413555,61.54687580884,61.967639832976,2.2775767944518,0.50617054502792,0.51873164121222,0.72230964105328,0.98615327184927,0.44962885564033,0,105
0.0105,0.4216375341708,61.545998119331,61.967635653502,2.2777444717792,0.50617054502792,0.51873164121222,0.72229934055328,0.98614297134927,0.44961855514033,0,104
0.0106,0.42251940315375,61.545112070874,61.967631474028,2.2779125592389,0.50617054502792,0.51873164121222,0.72228894195328,0.98613257274927,0.44960815654033,0,104
0.0107,0.4234096310844,61.54421766347,61.967627294554,2.2780810567401,0.50617054502792,0.51873164121222,0.72227844525328,0.98612207604927,0.44959765984033,0,104
0.0108,0.42430821796275,61.543314897118,61.967623115081,2.2782499641917,0.50617054502792,0.51873164121222,0.72226785045328,0.98611148124927,0.44958706504033,0,104
0.0109,0.42521516378881,61.542403771818,61.967618935607,2.2784192815027,0.50617054502792,0.51873164121222,0.72225715755328,0.98610078834927,0.44957637214033,0,104
0.011,0.42613046856258,61.54148428757,61.967614756133,2.2785890085816,0.50617054502792,0.51873164121222,0.72224636655328,0.98608999734927,0.44956558114033,0,104
0.0111,0.42705413228406,61.540556444375,61.967610576659,2.2787591453369,0.50617054502792,0.51873164121222,0.72223547745328,0.98607910824927,0.44955469204033,0,104
0.0112,0.42798615495322,61.539620242232,61.967606397185,2.2789296916768,0.50617054502792,0.51873164121222,0.72222449025328,0.98606812104927,0.44954370484033,0,104
0.0113,0.42892653657012,61.538675681141,61.967602217711,2.2791006475094,0.50617054502792,0.51873164121222,0.72221340495328,0.98605703574927,0.44953261954033,0,104
0.0114,0.42987527713471,61.537722761103,61.967598038237,2.2792720127425,0.50617054502792,0.51873164121222,0.72220222155328,0.98604585234927,0.44952143614033,0,104
0.0115,0.430832376647,61.536761482117,61.967593858764,2.2794437872839,0.50617054502792,0.51873164121222,0.72219094005328,0.98603457084927,0.44951015464033,0,107
0.0116,0.43179783510701,61.535791844183,61.96758967929,2.2796159710409,0.50617054502792,0.51873164121222,0.72217956045328,0.98602319124927,0.44949877504033,0,107
0.0117,0.43277165251472,61.534813847301,61.967585499816,2.2797885639208,0.50617054502792,0.51873164121222,0.72216808275328,0.98601171354927,0.44948729734033,0,107
0.0118,0.43375382887013,61.533827491472,61.967581320342,2.2799615658309,0.50617054502792,0.51873164121222,0.72215650695328,0.98600013774927,0.44947572154033,0,107
0.0119,0.43474436417324,61.532832776695,61.967577140868,2.2801349766778,0.50617054502792,0.51873164121222,0.72214483305328,0.98598846384927,0.44946404764033,0,107
0.012,0.43574325842406,61.53182970297,61.967572961394,2.2803087963684,0.50617054502792,0.51873164121222,0.72213306105328,0.98597669184927,0.44945227564033,0,107
0.0121,0.4367505116226,61.530818270298,61.96756878192,2.2804830248092,0.50617054502792,0.51873164121222,0.72212119095328,0.98596482174927,0.44944040554033,0,106
0.0122,0.43776612376884,61.529798478678,61.967564602447,2.2806576619064,0.50617054502792,0.51873164121222,0.72210922275328,0.98595285354927,0.44942843734033,0,106
0.0123,0.43879009486278,61.52877032811,61.967560422973,2.2808327075663,0.50617054502792,0.51873164121222,0.72209715645328,0.98594078724927,0.44941637104033,0,106
0.0124,0.43982242490443,61.527733818594,61.967556243499,2.2810081616947,0.50617054502792,0.51873164121222,0.72208499205328,0.98592862284927,0.44940420664033,0,106
0.0125,0.44086311389378,61.526688950131,61.967552064025,2.2811840241974,0.50617054502792,0.51873164121222,0.72207272955328,0.98591636034927,0.44939194414033,0,106
0.0126,0.44191216183083,61.52563572272,61.967547884551,2.2813602949799,0.50617054502792,0.51873164121222,0.72206036895328,0.98590399974927,0.44937958354033,0,106
0.0127,0.4429695687156,61.524574136362,61.967543705077,2.2815369739477,0.50617054502792,0.51873164121222,0.72204791025328,0.98589154104927,0.44936712484033,0,106
0.0128,0.44403533454807,61.523504191055,61.967539525603,2.2817140610059,0.50617054502792,0.51873164121222,0.72203535345328,0.98587898424927,0.44935456804033,0,106
0.0129,0.44510945932825,61.522425886801,61.96753534613,2.2818915560595,0.50617054502792,0.51873164121222,0.72202269855328,0.98586632934927,0.44934191314033,0,106
0.013,0.44619194305613,61.5213392236,61.967531166656,2.2820694590133,0.50617054502792,0.51873164121222,0.72200994555328,0.98585357634927,0.44932916014033,0,106
0.0131,0.44728278573171,61.52024420145,61.967526987182,2.282247769772,0.50617054502792,0.51873164121222,0.72199709445328,0.98584072524927,0.44931630904033,0,106
0.0132,0.44838198735501,61.519140820353,61.967522807708,2.2824264882398,0.50617054502792,0.51873164121222,0.72198414525328,0.98582777604927,0.44930335984033,0,106
0.0133,0.449489547926,61.518029080308,61.967518628234,2.2826056143211,0.50617054502792,0.51873164121222,0.72197109795328,0.98581472874927,0.44929031254033,0,106
0.0134,0.4506054674447,61.516908981316,61.96751444876,2.28278514792,0.50617054502792,0.51873164121222,0.72195795255328,0.98580158334927,0.44927716714033,0,106
0.0135,0.45172974591111,61.515780523375,61.967510269287,2.2829650889402,0.50617054502792,0.51873164121222,0.72194470905328,0.98578833984927,0.44926392364033,0,106
0.0136,0.45286238332524,61.514643706487,61.967506089813,2.2831454372854,0.50617054502792,0.51873164121222,0.72193136745328,0.98577499824927,0.44925058204033,0,106
0.0137,0.45400337968705,61.513498530652,61.967501910339,2.2833261928592,0.50617054502792,0.51873164121222,0.72191792775328,0.98576155854927,0.44923714234033,0,106
0.0138,0.45515273499658,61.512344995868,61.967497730865,2.2835073555648,0.50617054502792,0.51873164121222,0.72190438995328,0.98574802074927,0.44922360454033,0,106
0.0139,0.4563104492538,61.511183102137,61.967493551391,2.2836889253053,0.50617054502792,0.51873164121222,0.72189075405328,0.98573438484927,0.44920996864033,0,106
0.014,0.45747652245874,61.510012849459,61.967489371917,2.2838709019837,0.50617054502792,0.51873164121222,0.72187702005328,0.98572065084927,0.44919623464033,0,106
0.0141,0.45865095461138,61.508834237832,61.967485192443,2.2840532855026,0.50617054502792,0.51873164121222,0.72186318795328,0.98570681874927,0.44918240254033,0,105
0.0142,0.45983374571174,61.507647267258,61.96748101297,2.2842360757647,0.50617054502792,0.51873164121222,0.72184925775328,0.98569288854927,0.44916847234033,0,105
0.0143,0.46102489575979,61.506451937736,61.967476833496,2.2844192726723,0.50617054502792,0.51873164121222,0.72183522945328,0.98567886024927,0.44915444404033,0,105
0.0144,0.46222440475555,61.505248249266,61.967472654022,2.2846028761275,0.50617054502792,0.51873164121222,0.72182110305328,0.98566473384927,0.44914031764033,0,105
0.0145,0.46343227269902,61.504036201849,61.967468474548,2.2847868860324,0.50617054502792,0.51873164121222,0.72180687855328,0.98565050934927,0.44912609314033,0,105
0.0146,0.46464849959019,61.502815795484,61.967464295074,2.2849713022888,0.50617054502792,0.51873164121222,0.72179255595328,0.98563618674927,0.44911177054033,0,105
0.0147,0.46587308542907,61.501587030171,61.9674601156,2.2851561247983,0.50617054502792,0.51873164121222,0.72177813525328,0.98562176604927,0.44909734984033,0,105
0.0148,0.46710603021564,61.500349905911,61.967455936126,2.2853413534623,0.50617054502792,0.51873164121222,0.72176361645328,0.98560724724927,0.44908283104033,0,105
0.0149,0.46834733394994,61.499104422703,61.967451756653,2.285526988182,0.50617054502792,0.51873164121222,0.72174899955328,0.98559263034927,0.44906821414033,0,105
0.015,0.46959699663194,61.497850580547,61.967447577179,2.2857130288586,0.50617054502792,0.51873164121222,0.72173428455328,0.98557791534927,0.44905349914033,0,105
0.0151,0.47085501826162,61.496588379443,61.967443397705,2.2858994753929,0.50617054502792,0.51873164121222,0.72171947145328,0.98556310224927,0.44903868604033,0,105
0.0152,0.47212139883904,61.495317819392,61.967439218231,2.2860863276856,0.50617054502792,0.51873164121222,0.72170456025328,0.98554819104927,0.44902377484033,0,105
0.0153,0.47339613836415,61.494038900393,61.967435038757,2.2862735856373,0.50617054502792,0.51873164121222,0.72168955095328,0.98553318174927,0.44900876554033,0,105
0.0154,0.47467923683696,61.492751622446,61.967430859283,2.2864612491482,0.50617054502792,0.51873164121222,0.72167444355328,0.98551807434927,0.44899365814033,0,105
0.0155,0.47597069425749,61.491455985552,61.967426679809,2.2866493181186,0.50617054502792,0.51873164121222,0.72165923805328,0.98550286884927,0.44897845264033,0,105
0.0156,0.47727051062572,61.49015198971,61.967422500336,2.2868377924483,0.50617054502792,0.51873164121222,0.72164393445328,0.98548756524927,0.44896314904033,0,103
0.0157,0.47857868594165,61.48883963492,61.967418320862,2.2870266720372,0.50617054502792,0.51873164121222,0.72162853275328,0.98547216354927,0.44894774734033,0,103
0.0158,0.47989522020529,61.487518921183,61.967414141388,2.2872159567848,0.50617054502792,0.51873164121222,0.72161303295328,0.98545666374927,0.44893224754033,0,103
0.0159,0.48122011341663,61.486189848497,61.967409961914,2.2874056465906,0.50617054502792,0.51873164121222,0.72159743505328,0.98544106584927,0.44891664964033,0,103
0.016,0.48255336557568,61.484852416864,61.96740578244,2.2875957413538,0.50617054502792,0.51873164121222,0.72158173905328,0.98542536984927,0.44890095364033,0,103
0.0161,0.48389497668243,61.483506626284,61.967401602966,2.2877862409736,0.50617054502792,0.51873164121222,0.72156594495328,0.98540957574927,0.44888515954033,0,103
0.0162,0.48524494673689,61.482152476756,61.967397423492,2.2879771453486,0.50617054502792,0.51873164121222,0.72155005275328,0.98539368354927,0.44886926734033,0,102
0.0163,0.48660327573906,61.48078996828,61.967393244019,2.2881684543777,0.50617054502792,0.51873164121222,0.72153406245328,0.98537769324927,0.44885327704033,0,101
0.0164,0.48796996368894,61.479419100856,61.967389064545,2.2883601679593,0.50617054502792,0.51873164121222,0.72151797405328,0.98536160484927,0.44883718864033,0,100
0.0165,0.48934501058652,61.478039874484,61.967384885071,2.2885522859918,0.50617054502792,0.51873164121222,0.72150178755328,0.98534541834927,0.44882100214033,0,100
0.0166,0.49072841643181,61.476652289165,61.967380705597,2.2887448083734,0.50617054502792,0.51873164121222,0.72148550295328,0.98532913374927,0.44880471754033,0,100
0.0167,0.49212018122479,61.475256344898,61.967376526123,2.2889377350019,0.50617054502792,0.51873164121222,0.72146912025328,0.98531275104927,0.44878833484033,0,100
0.0168,0.49352030496548,61.473852041684,61.967372346649,2.2891310657752,0.50617054502792,0.51873164121222,0.72145263945328,0.98529627024927,0.44877185404033,0,100
0.0169,0.49492878765388,61.472439379522,61.967368167175,2.289324800591,0.50617054502792,0.51873164121222,0.72143606055328,0.98527969134927,0.44875527514033,0,100
0.017,0.49634562929,61.471018358412,61.967363987702,2.2895189393465,0.50617054502792,0.51873164121222,0.72141938355328,0.98526301434927,0.44873859814033,0,100
0.0171,0.4977708298738,61.469588978354,61.967359808228,2.2897134819392,0.50617054502792,0.51873164121222,0.72140260845328,0.98524623924927,0.44872182304033,0,100
0.0172,0.49920438940533,61.468151239349,61.967355628754,2.289908428266,0.50617054502792,0.51873164121222,0.72138573525328,0.98522936604927,0.44870494984033,0,100
0.0173,0.50064630788455,61.466705141396,61.96735144928,2.2901037782239,0.50617054502792,0.51873164121222,0.72136876395328,0.98521239474927,0.44868797854033,0,100
0.0174,0.50209658531148,61.465250684495,61.967347269806,2.2902995317096,0.50617054502792,0.51873164121222,0.72135169455328,0.98519532534927,0.44867090914033,0,100
0.0175,0.50355522168611,61.463787868646,61.967343090332,2.2904956886195,0.50617054502792,0.51873164121222,0.72133452705328,0.98517815784927,0.44865374164033,0,100
0.0176,0.50502221700845,61.46231669385,61.967338910859,2.2906922488502,0.50617054502792,0.51873164121222,0.72131726145328,0.98516089224927,0.44863647604033,0,100
0.0177,0.5064975712785,61.460837160106,61.967334731385,2.2908892122977,0.50617054502792,0.51873164121222,0.72129989775328,0.98514352854927,0.44861911234033,0,100
0.0178,0.50798128449625,61.459349267415,61.967330551911,2.2910865788581,0.50617054502792,0.51873164121222,0.72128243595328,0.98512606674927,0.44860165054033,0,100
0.0179,0.50947335666171,61.457853015775,61.967326372437,2.2912843484271,0.50617054502792,0.51873164121222,0.72126487605328,0.98510850684927,0.44858409064033,0,100
0.018,0.51097378777487,61.456348405188,61.967322192963,2.2914825209006,0.50617054502792,0.51873164121222,0.72124721805328,0.98509084884927,0.44856643264033,0,100
0.0181,0.51248257783574,61.454835435654,61.967318013489,2.2916810961738,0.50617054502792,0.51873164121222,0.72122946195328,0.98507309274927,0.44854867654033,0,100
0.0182,0.51399972684431,61.453314107171,61.967313834015,2.2918800741422,0.50617054502792,0.51873164121222,0.72121160775328,0.98505523854927,0.44853082234033,0,100
0.0183,0.5155252348006,61.451784419741,61.967309654542,2.2920794547008,0.50617054502792,0.51873164121222,0.72119365545328,0.98503728624927,0.44851287004033,0,99
0.0184,0.51705910170458,61.450246373363,61.967305475068,2.2922792377447,0.50617054502792,0.51873164121222,0.72117560505328,0.98501923584927,0.44849481964033,0,99
0.0185,0.51860132755627,61.448699968038,61.967301295594,2.2924794231685,0.50617054502792,0.51873164121222,0.72115745655328,0.98500108734927,0.44847667114033,0,99
0.0186,0.52015191235567,61.447145203764,61.96729711612,2.2926800108669,0.50617054502792,0.51873164121222,0.72113920995328,0.98498284074927,0.44845842454033,0,99
0.0187,0.52171085610277,61.445582080543,61.967292936646,2.2928810007343,0.50617054502792,0.51873164121222,0.72112086525328,0.98496449604927,0.44844007984033,0,99
0.0188,0.52327815879758,61.444010598375,61.967288757172,2.2930823926649,0.50617054502792,0.51873164121222,0.72110242245328,0.98494605324927,0.44842163704033,0,98
0.0189,0.5248538204401,61.442430757258,61.967284577699,2.2932841865529,0.50617054502792,0.51873164121222,0.72108388155328,0.98492751234927,0.44840309614033,0,98
0.019,0.52643784103031,61.440842557194,61.967280398225,2.2934863822921,0.50617054502792,0.51873164121222,0.72106524255328,0.98490887334927,0.44838445714033,0,98
0.0191,0.52803022056824,61.439245998183,61.967276218751,2.2936889797762,0.50617054502792,0.51873164121222,0.72104650545328,0.98489013624927,0.44836572004033,0,98
0.0192,0.52963095905388,61.437641080223,61.967272039277,2.2938919788988,0.50617054502792,0.51873164121222,0.72102767025328,0.98487130104927,0.44834688484033,0,98
0.0193,0.53124005648721,61.436027803316,61.967267859803,2.2940953795533,0.50617054502792,0.51873164121222,0.72100873695328,0.98485236774927,0.44832795154033,0,98
0.0194,0.53285751286825,61.434406167461,61.967263680329,2.2942991816329,0.50617054502792,0.51873164121222,0.72098970555328,0.98483333634927,0.44830892014033,0,98
0.0195,0.534483328197,61.432776172658,61.967259500855,2.2945033850307,0.50617054502792,0.51873164121222,0.72097057605328,0.98481420684927,0.44828979064033,0,98
0.0196,0.53611750247345,61.431137818908,61.967255321381,2.2947079896394,0.50617054502792,0.51873164121222,0.72095134845328,0.98479497924927,0.44827056304033,0,97
0.0197,0.53776003569761,61.42949110621,61.967251141908,2.2949129953518,0.50617054502792,0.51873164121222,0.72093202275328,0.98477565354927,0.44825123734033,0,98
0.0198,0.53941092786947,61.427836034564,61.967246962434,2.2951184020604,0.50617054502792,0.51873164121222,0.72091259895328,0.98475622974927,0.44823181354033,0,98
0.0199,0.54107017898904,61.426172603971,61.96724278296,2.2953242096575,0.50617054502792,0.51873164121222,0.72089307705328,0.98473670784927,0.44821229164033,0,98
0.02,0.54273778905632,61.42450081443,61.967238603486,2.2955304180353,0.50617054502792,0.51873164121222,0.72087345705328,0.98471708784927,0.44819267164033,0,98
0.0201,0.5444137580713,61.422820665941,61.967234424012,2.2957370270859,0.50617054502792,0.51873164121222,0.72085373895328,0.98469736974927,0.44817295354033,0,98
0.0202,0.54609808603399,61.421132158504,61.967230244538,2.2959440367009,0.50617054502792,0.51873164121222,0.72083392275328,0.98467755354927,0.44815313734033,0,98
0.0203,0.54779077294438,61.41943529212,61.967226065064,2.2961514467722,0.50617054502792,0.51873164121222,0.72081400845328,0.98465763924927,0.44813322304033,0,98
0.0204,0.54949181880248,61.417730066788,61.967221885591,2.2963592571912,0.50617054502792,0.51873164121222,0.72079399605328,0.98463762684927,0.44811321064033,0,98
0.0205,0.55120122360828,61.416016482509,61.967217706117,2.2965674678492,0.50617054502792,0.51873164121222,0.72077388555328,0.98461751634927,0.44809310014033,0,99
0.0206,0.5529189873618,61.414294539281,61.967213526643,2.2967760786374,0.50617054502792,0.51873164121222,0.72075367695328,0.98459730774927,0.44807289154033,0,99
0.0207,0.55464511006302,61.412564237106,61.967209347169,2.2969850894468,0.50617054502792,0.51873164121222,0.72073337025328,0.98457700104927,0.44805258484033,0,99
0.0208,0.55637959171193,61.410825575983,61.967205167695,2.2971945001681,0.50617054502792,0.51873164121222,0.72071296545328,0.98455659624927,0.44803218004033,0,99
0.0209,0.55812243230856,61.409078555913,61.967200988221,2.297404310692,0.50617054502792,0.51873164121222,0.72069246255328,0.98453609334927,0.44801167714033,0,99
0.021,0.55738639099872,61.407323176895,61.964709567893,2.2976145209089,0.50617054502792,0.51873164121222,0.72067186155328,0.98451549234927,0.44799107614033,1,100
0.0211,0.55914594949076,61.405559438929,61.96470538842,2.2978251307093,0.50617054502792,0.51873164121222,0.72065116245328,0.98449479324927,0.44797037704033,0,100
0.0212,0.5609138669305,61.403787342015,61.964701208946,2.2980361399832,0.50617054502792,0.51873164121222,0.72063036525328,0.98447399604927,0.44794957984033,0,100
0.0213,0.56269014331796,61.402006886154,61.964697029472,2.2982475486206,0.50617054502792,0.51873164121222,0.72060946995328,0.98445310074927,0.44792868454033,0,100
0.0214,0.5644747786531,61.400218071345,61.964692849998,2.2984593565113,0.50617054502792,0.51873164121222,0.72058847655328,0.98443210734927,0.44790769114033,0,100
0.0215,0.56626777293597,61.398420897588,61.964688670524,2.2986715635449,0.50617054502792,0.51873164121222,0.72056738505328,0.98441101584927,0.44788659964033,0,100
0.0216,0.56806912616654,61.396615364884,61.96468449105,2.2988841696109,0.50617054502792,0.51873164121222,0.72054619545328,0.98438982624927,0.44786541004033,0,100
0.0217,0.56987883834481,61.394801473232,61.964680311576,2.2990971745986,0.50617054502792,0.51873164121222,0.72052490775328,0.98436853854927,0.44784412234033,0,100
0.0218,0.57169690947078,61.392979222632,61.964676132103,2.2993105783971,0.50617054502792,0.51873164121222,0.72050352195328,0.98434715274927,0.44782273654033,0,100
0.0219,0.57352333954447,61.391148613084,61.964671952629,2.2995243808954,0.50617054502792,0.51873164121222,0.72048203805328,0.98432566884927,0.44780125264033,0,100
0.022,0.57535812856586,61.389309644589,61.964667773155,2.2997385819823,0.50617054502792,0.51873164121222,0.72046045605328,0.98430408684927,0.44777967064033,0,100
0.0221,0.57720127653496,61.387462317146,61.964663593681,2.2999531815464,0.50617054502792,0.51873164121222,0.72043877595328,0.98428240674927,0.44775799054033,0,101
0.0222,0.57905278345175,61.385606630755,61.964659414207,2.3001681794763,0.50617054502792,0.51873164121222,0.72041699775328,0.98426062854927,0.44773621234033,0,101
0.0223,0.58091264931625,61.383742585417,61.964655234733,2.3003835756601,0.50617054502792,0.51873164121222,0.72039512145328,0.98423875224927,0.44771433604033,0,102
0.0224,0.58278087412847,61.381870181131,61.964651055259,2.3005993699861,0.50617054502792,0.51873164121222,0.72037314705328,0.98421677784927,0.44769236164033,0,102
0.0225,0.58465745788839,61.379989417897,61.964646875786,2.3008155623422,0.50617054502792,0.51873164121222,0.72035107455328,0.98419470534927,0.44767028914033,0,102
0.0226,0.58654240059601,61.378100295716,61.964642696312,2.3010321526162,0.50617054502792,0.51873164121222,0.72032890395328,0.98417253474927,0.44764811854033,0,102
0.0227,0.58843570225134,61.376202814587,61.964638516838,2.3012491406958,0.50617054502792,0.51873164121222,0.72030663525328,0.98415026604927,0.44762584984033,0,102
0.0228,0.59033736285438,61.37429697451,61.964634337364,2.3014665264685,0.50617054502792,0.51873164121222,0.72028426845328,0.98412789924927,0.44760348304033,0,102
0.0229,0.59224738240511,61.372382775485,61.96463015789,2.3016843098215,0.50617054502792,0.51873164121222,0.72026180355328,0.98410543434927,0.44758101814033,0,102
0.023,0.59416576090356,61.370460217513,61.964625978416,2.3019024906421,0.50617054502792,0.51873164121222,0.72023924055328,0.98408287134927,0.44755845514033,0,102
0.0231,0.59609249834971,61.368529300593,61.964621798942,2.3021210688172,0.50617054502792,0.51873164121222,0.72021657945328,0.98406021024927,0.44753579404033,0,102
0.0232,0.59802759474357,61.366590024725,61.964617619469,2.3023400442336,0.50617054502792,0.51873164121222,0.72019382025328,0.98403745104927,0.44751303484033,0,102
0.0233,0.59997105008513,61.36464238991,61.964613439995,2.302559416778,0.50617054502792,0.51873164121222,0.72017096295328,0.98401459374927,0.44749017754033,0,102
0.0234,0.6019228643744,61.362686396147,61.964609260521,2.302779186337,0.50617054502792,0.51873164121222,0.72014800755328,0.98399207658312,0.44746722214033,0,102
0.0235,0.60388303761137,61.360722043436,61.964605081047,2.3029993527968,0.50617054502792,0.51873164121222,0.72012495405328,0.9840891597327,0.44744416864033,0,102
0.0236,0.60585156979605,61.358749331777,61.964600901573,2.3032199160436,0.50617054502792,0.51873164121222,0.72010180245328,0.98418614478228,0.44742101704033,0,102
0.0237,0.60782846092843,61.356768261171,61.964596722099,2.3034408759635,0.50617054502792,0.51873164121222,0.72007855275328,0.98428303173187,0.44739776734033,0,102
0.0238,0.60981371100852,61.354778831617,61.964592542625,2.3036622324423,0.50617054502792,0.51873164121222,0.72005520495328,0.98437982058145,0.44737441954033,0,100
0.0239,0.61180732003633,61.352781043115,61.964588363152,2.3038839853658,0.50617054502792,0.51873164121222,0.72003175905328,0.98447651133103,0.44735097364033,0,100
0.024,0.61380928801183,61.350774895666,61.964584183678,2.3041061346193,0.50617054502792,0.51873164121222,0.72000821505328,0.98457310398062,0.44732742964033,0,99
0.0241,0.61581961493504,61.348760389269,61.964580004204,2.3043286800884,0.50617054502792,0.51873164121222,0.71998457295328,0.9846695985302,0.44730378754033,0,99
0.0242,0.61783830080595,61.346737523924,61.96457582473,2.3045516216583,0.50617054502792,0.51873164121222,0.71996083275328,0.98476599497978,0.44728004734033,0,99
0.0243,0.61986534562456,61.344706299632,61.964571645256,2.3047749592139,0.50617054502792,0.51873164121222,0.71993699445328,0.98486229332936,0.44725620904033,0,99
0.0244,0.62190074939089,61.342666716391,61.964567465782,2.3049986926402,0.50617054502792,0.51873164121222,0.71991305805328,0.98495849357895,0.44723227264033,0,100
0.0245,0.62394451210492,61.340618774204,61.964563286309,2.3052228218219,0.50617054502792,0.51873164121222,0.71988902355328,0.98505459572853,0.44720823814033,0,100
0.0246,0.62599663376665,61.338562473068,61.964559106835,2.3054473466436,0.50617054502792,0.51873164121222,0.71986489095328,0.98515059977811,0.44718410554033,0,100
0.0247,0.62805711437609,61.336497812985,61.964554927361,2.3056722669898,0.50617054502792,0.51873164121222,0.71984066025328,0.98524650572769,0.44715987484033,0,100
0.0248,0.63012595393324,61.334424793954,61.964550747887,2.3058975827446,0.50617054502792,0.51873164121222,0.71981633145328,0.98534231357728,0.44713554604033,0,99
0.0249,0.63220315243809,61.332343415975,61.964546568413,2.3061232937922,0.50617054502792,0.51873164121222,0.71979190455328,0.98543802332686,0.44711111914033,0,99
0.025,0.63428870989066,61.330253679049,61.964542388939,2.3063494000166,0.50617054502792,0.51873164121222,0.71976737955328,0.98553363497644,0.44708659414033,0,99
0.0251,0.63638262629093,61.328155583175,61.964538209465,2.3065759013014,0.50617054502792,0.51873164121222,0.71974275645328,0.98562914852602,0.44706197104033,0,99
0.0252,0.63848490163889,61.326049128353,61.964534029992,2.3068027975304,0.50617054502792,0.51873164121222,0.71971803525328,0.98572456397561,0.44703724984033,0,99
0.0253,0.64059553593457,61.323934314583,61.964529850518,2.307030088587,0.50617054502792,0.51873164121222,0.71969321595328,0.98581988132519,0.44701243054033,0,99
0.0254,0.64271452917794,61.321811141866,61.964525671044,2.3072577743545,0.50617054502792,0.51873164121222,0.71966829855328,0.98591510057477,0.44698751314033,0,99
0.0255,0.64484188136902,61.319679610201,61.96452149157,2.3074858547161,0.50617054502792,0.51873164121222,0.71964328305328,0.98601022172436,0.44696249764033,0,99
0.0256,0.64697759250782,61.317539719588,61.964517312096,2.3077143295548,0.50617054502792,0.51873164121222,0.71961816945328,0.98610524477394,0.44693738404033,0,99
0.0257,0.64912166259432,61.315391470028,61.964513132622,2.3079431987534,0.50617054502792,0.51873164121222,0.71959295775328,0.98620016972352,0.44691217234033,0,99
0.0258,0.65127409162853,61.31323486152,61.964508953148,2.3081724621947,0.50617054502792,0.51873164121222,0.71956764795328,0.9862949965731,0.44688686254033,0,100
0.0259,0.65343487961043,61.311069894064,61.964504773675,2.3084021197611,0.50617054502792,0.51873164121222,0.71954224005328,0.98638972532269,0.44686145464033,0,100
0.026,0.65560402654005,61.308896567661,61.964500594201,2.308632171335,0.50617054502792,0.51873164121222,0.71951673405328,0.98648435597227,0.44683594864033,0,100
0.0261,0.65778153241737,61.306714882309,61.964496414727,2.3088626167987,0.50617054502792,0.51873164121222,0.71949112995328,0.98657888852185,0.44681034454033,0,100
0.0262,0.6599673972424,61.304524838011,61.964492235253,2.3090934560343,0.50617054502792,0.51873164121222,0.71946542775328,0.98667332297143,0.44678464234033,0,100
0.0263,0.66216162101512,61.302326434764,61.964488055779,2.3093246889236,0.50617054502792,0.51873164121222,0.71943962745328,0.98676765932102,0.44675884204033,0,100
0.0264,0.66436420373557,61.30011967257,61.964483876305,2.3095563153484,0.50617054502792,0.51873164121222,0.71941372905328,0.9868618975706,0.44673294364033,0,100
0.0265,0.66657514540371,61.297904551428,61.964479696831,2.3097883351903,0.50617054502792,0.51873164121222,0.71938773255328,0.98695603772018,0.44670694714033,0,100
0.0266,0.66879444601956,61.295681071338,61.964475517358,2.3100207483308,0.50617054502792,0.51873164121222,0.71936163795328,0.98705007976976,0.44668085254033,0,100
0.0267,0.67102210558311,61.293449232301,61.964471337884,2.3102535546512,0.50617054502792,0.51873164121222,0.71933544525328,0.98714402371935,0.44665465984033,0,100
0.0268,0.67325812409437,61.291209034316,61.96446715841,2.3104867540326,0.50617054502792,0.51873164121222,0.71930915445328,0.98723786956893,0.44662836904033,0,100
0.0269,0.67550250155333,61.288960477383,61.964462978936,2.310720346356,0.50617054502792,0.51873164121222,0.71928276555328,0.98733161731851,0.44660198014033,0,100
0.027,0.67775523796001,61.286703561502,61.964458799462,2.3109543315023,0.50617054502792,0.51873164121222,0.71925627855328,0.98742526696809,0.44657549314033,0,100
0.0271,0.68001633331438,61.284438286674,61.964454619988,2.3111887093522,0.50617054502792,0.51873164121222,0.71922969345328,0.98751881851768,0.44654890804033,0,99
0.0272,0.68228578761646,61.282164652898,61.964450440514,2.3114234797861,0.50617054502792,0.51873164121222,0.71920301025328,0.98761227196726,0.44652222484033,0,99
0.0273,0.68456360086625,61.279882660174,61.964446261041,2.3116586426846,0.50617054502792,0.51873164121222,0.71917622895328,0.98770562731684,0.44649544354033,0,99
0.0274,0.68684977306375,61.277592308503,61.964442081567,2.3118941979277,0.50617054502792,0.51873164121222,0.71914934955328,0.98779888456643,0.44646856414033,0,98
0.0275,0.68914430420894,61.275293597884,61.964437902093,2.3121301453957,0.50617054502792,0.51873164121222,0.71912237205328,0.98789204371601,0.44644158664033,0,101
0.0276,0.69144719430184,61.272986528317,61.964433722619,2.3123664849684,0.50617054502792,0.51873164121222,0.71909529645328,0.98798510476559,0.44641451104033,0,101
0.0277,0.69375844334246,61.270671099803,61.964429543145,2.3126032165256,0.50617054502792,0.51873164121222,0.71906812275328,0.98807806771517,0.44638733734033,0,101
0.0278,0.68987172512585,61.268338039506,61.958209764632,2.312840339947,0.50617054502792,0.51873164121222,0.71904074212797,0.9881165199121,0.44636006554033,1,101
0.0279,0.69112349929146,61.26599261949,61.957116118781,2.3130778551121,0.50617054502792,0.51873164121222,0.71901321644989,0.98813139762154,0.44633269564033,1,99
0.028,0.69330257496294,61.26363712322,61.956939698183,2.3133157619001,0.50617054502792,0.51873164121222,0.71898557251764,0.98813610014541,0.44630522764033,1,99
0.0281,0.6956439309112,61.261272539656,61.956916470568,2.3135540601903,0.50617054502792,0.51873164121222,0.71895782193757,0.98813643066108,0.44627766154033,1,99
0.0282,0.69801467649008,61.258899297044,61.956913973535,2.3137927498618,0.50617054502792,0.51873164121222,0.71892996973555,0.98813490209772,0.44624999734033,1,99
0.0283,0.70039439457439,61.256517580759,61.956911975333,2.3140318307933,0.50617054502792,0.51873164121222,0.71890201808711,0.98813260222726,0.44622223504033,1,99
0.0284,0.70278117053445,61.254127470978,61.956908641512,2.3142713028636,0.50617054502792,0.51873164121222,0.71887396793321,0.98813000152876,0.44619437464033,1,99
0.0285,0.70517545978969,61.251729002249,61.956904462038,2.3145111659514,0.50617054502792,0.51873164121222,0.71884581967931,0.98812730273027,0.44616641614033,1,99
0.0286,0.70757810799262,61.249322174572,61.956900282564,2.3147514199351,0.50617054502792,0.51873164121222,0.71881757332542,0.98812450583177,0.44613835954033,1,99
0.0287,0.70998911514328,61.246906987947,61.956896103091,2.3149920646929,0.50617054502792,0.51873164121222,0.71878922887152,0.98812161083328,0.44611020484033,1,99
0.0288,0.71240848124163,61.244483442375,61.956891923617,2.315233100103,0.50617054502792,0.51873164121222,0.71876078631763,0.98811861773479,0.44608195204033,1,99
0.0289,0.71483620628767,61.242051537855,61.956887744143,2.3154745260435,0.50617054502792,0.51873164121222,0.71873224566373,0.98811552653629,0.44605360114033,1,99
0.029,0.71727229028143,61.239611274388,61.956883564669,2.3157163423921,0.50617054502792,0.51873164121222,0.71870360690983,0.9881123372378,0.44602515214033,1,99
0.0291,0.7197167332229,61.237162651972,61.956879385195,2.3159585490266,0.50617054502792,0.51873164121222,0.71867487005594,0.9881090498393,0.44599660504033,1,99
0.0292,0.72216953511206,61.234705670609,61.956875205721,2.3162011458246,0.50617054502792,0.51873164121222,0.71864603510204,0.98810566434081,0.44596795984033,1,99
0.0293,0.72463069594894,61.232240330299,61.956871026247,2.3164441326634,0.50617054502792,0.51873164121222,0.71861710204815,0.98810218074232,0.44593921654033,1,99
0.0294,0.72710021573353,61.22976663104,61.956866846774,2.3166875094204,0.50617054502792,0.51873164121222,0.71858807089425,0.98809859904382,0.44591037514033,1,99
0.0295,0.72957809446582,61.227284572834,61.9568626673,2.3169312759726,0.50617054502792,0.51873164121222,0.71855894164035,0.98809491924533,0.44588143564033,1,99
0.0296,0.73206433214582,61.22479415568,61.956858487826,2.3171754321971,0.50617054502792,0.51873164121222,0.71852971428646,0.98809114134683,0.44585239804033,1,99
0.0297,0.73455892877352,61.222295379579,61.956854308352,2.3174199779706,0.50617054502792,0.51873164121222,0.71850038883256,0.98808726534834,0.44582326234033,1,99
0.0298,0.73706188434892,61.219788244529,61.956850128878,2.3176649131699,0.50617054502792,0.51873164121222,0.71847096527866,0.98808329124985,0.44579402854033,1,99
0.0299,0.73957319887203,61.217272750532,61.956845949404,2.3179102376715,0.50617054502792,0.51873164121222,0.71844144362477,0.98807921905135,0.44576469664033,1,99
0.03,0.74209287234283,61.214748897588,61.956841769931,2.3181559513519,0.50617054502792,0.51873164121222,0.71841182387087,0.98807504875286,0.44573526664033,1,100
0.0301,0.74462090476137,61.212216685695,61.956837590457,2.3184020540872,0.50617054502792,0.51873164121222,0.71838210601698,0.98807078035436,0.44570573854033,1,99
0.0302,0.74715729612759,61.209676114855,61.956833410983,2.3186485457536,0.50617054502792,0.51873164121222,0.71835229006308,0.98806641385587,0.44567611234033,1,99
0.0303,0.74970204644153,61.207127185067,61.956829231509,2.3188954262271,0.50617054502792,0.51873164121222,0.71832237600918,0.98806194925738,0.44564638804033,1,99
0.0304,0.75225515570316,61.204569896332,61.956825052035,2.3191426953835,0.50617054502792,0.51873164121222,0.71829236385529,0.98805738655888,0.44561656564033,1,99
0.0305,0.75481662391251,61.202004248649,61.956820872561,2.3193903530985,0.50617054502792,0.51873164121222,0.71826225360139,0.98805272576039,0.44558664514033,1,99
0.0306,0.75738645106956,61.199430242018,61.956816693087,2.3196383992476,0.50617054502792,0.51873164121222,0.7182320452475,0.9880479668619,0.44555662654033,1,99
0.0307,0.75996463717432,61.196847876439,61.956812513614,2.3198868337062,0.50617054502792,0.51873164121222,0.7182017387936,0.9880431098634,0.44552650984033,1,99
0.0308,0.76255118222678,61.194257151913,61.95680833414,2.3201356563497,0.50617054502792,0.51873164121222,0.7181713342397,0.98803815476491,0.44549629504033,1,99
0.0309,0.76514608622694,61.191658068439,61.956804154666,2.320384867053,0.50617054502792,0.51873164121222,0.71814083158581,0.98803310156641,0.44546598214033,1,99
0.031,0.76774934917482,61.189050626017,61.956799975192,2.3206344656913,0.50617054502792,0.51873164121222,0.71811023083191,0.98802795026792,0.44543557114033,1,99
0.0311,0.77036097107038,61.186434824648,61.956795795718,2.3208844521393,0.50617054502792,0.51873164121222,0.71807953197801,0.98802270086943,0.44540506204033,1,99
0.0312,0.77298095191366,61.183810664331,61.956791616244,2.3211348262718,0.50617054502792,0.51873164121222,0.71804873502412,0.98801735337093,0.44537445484033,1,99
0.0313,0.76350656916418,61.181178145066,61.94468471423,2.2442341016958,0.50617054502792,0.51873164121222,0.71801783997022,0.98801190777244,0.44534374954033,2,99
0.0314,0.76614326790286,61.178537266853,61.944680534756,2.2442431715202,0.50617054502792,0.51873164121222,0.71798684681633,0.98800636407394,0.44531294614033,1,99
0.0315,0.76878832558927,61.175888029693,61.944676355282,2.2442526701192,0.50617054502792,0.51873164121222,0.71795575556243,0.98800072227545,0.44528204464033,1,99
0.0316,0.77144174222339,61.173230433585,61.944672175808,2.2442625974876,0.50617054502792,0.51873164121222,0.71792456620853,0.98799498237696,0.44525104504033,1,99
0.0317,0.7741035178052,61.170564478529,61.944667996335,2.2442729536195,0.50617054502792,0.51873164121222,0.71789327875464,0.98798914437846,0.44521994734033,0,99
0.0318,0.7767736523347,61.167890164526,61.944663816861,2.2442837385091,0.50617054502792,0.51873164121222,0.71786189320074,0.98798320827997,0.44518875154033,0,99
0.0319,0.77945214581192,61.165207491575,61.944659637387,2.2442949521502,0.50617054502792,0.51873164121222,0.71783040954685,0.98797717408147,0.44515745764033,0,99
0.032,0.78213899823685,61.162516459676,61.944655457913,2.2443065945363,0.50617054502792,0.51873164121222,0.71779882779295,0.98797104178298,0.44512606564033,0,99
0.0321,0.7848342096095,61.15981706883,61.944651278439,2.2443186656608,0.50617054502792,0.51873164121222,0.71776714793905,0.98796481138449,0.44509457554033,0,99
0.0322,0.78753777992984,61.157109319035,61.944647098965,2.2443311655168,0.50617054502792,0.51873164121222,0.71773536998516,0.98795848288599,0.44506298734033,0,99
0.0323,0.79024970919787,61.154393210294,61.944642919491,2.244344094097,0.50617054502792,0.51873164121222,0.71770349393126,0.9879520562875,0.44503130104033,0,99
0.0324,0.79296999741364,61.151668742604,61.944638740018,2.2443574513942,0.50617054502792,0.51873164121222,0.71767151977737,0.987945531589,0.44499951664033,0,99
0.0325,0.79569864457708,61.148935915967,61.944634560544,2.2443712374006,0.50617054502792,0.51873164121222,0.71763944752347,0.98793890879051,0.44496763414033,0,99
0.0326,0.79843565068826,61.146194730382,61.94463038107,2.2443854521083,0.50617054502792,0.51873164121222,0.71760727716957,0.98793218789202,0.44493565354033,0,99
0.0327,0.80118101574711,61.143445185849,61.944626201596,2.2444000955092,0.50617054502792,0.51873164121222,0.71757500871568,0.98792536889352,0.44490357484033,0,99
0.0328,0.80393473975369,61.140687282368,61.944622022122,2.2444151675949,0.50617054502792,0.51873164121222,0.71754264216178,0.98791845179503,0.44487139804033,0,99
0.0329,0.80669682270797,61.13792101994,61.944617842648,2.2444306683568,0.50617054502792,0.51873164121222,0.71751017750788,0.98791143659654,0.44483912314033,0,99
0.033,0.80946726460996,61.135146398565,61.944613663175,2.2444465977859,0.50617054502792,0.51873164121222,0.71747761475399,0.98790432329804,0.44480675014033,0,99
0.0331,0.81224606545965,61.132363418241,61.944609483701,2.2444629558732,0.50617054502792,0.51873164121222,0.71744495390009,0.98789711189955,0.44477427904033,0,99
0.0332,0.81503322525704,61.12957207897,61.944605304227,2.2444797426093,0.50617054502792,0.51873164121222,0.7174121949462,0.98788980240105,0.44474170984033,0,99
0.0333,0.81782874400214,61.126772380751,61.944601124753,2.2444969579846,0.50617054502792,0.51873164121222,0.7173793378923,0.98788239480256,0.44470904254033,0,99
0.0334,0.82063262169497,61.123964323584,61.944596945279,2.2445146019891,0.50617054502792,0.51873164121222,0.7173463827384,0.98787488910407,0.44467627714033,0,100
0.0335,0.82344485833546,61.12114790747,61.944592765805,2.2445326746128,0.50617054502792,0.51873164121222,0.71731332948451,0.98786728530557,0.44464341364033,0,100
0.0336,0.8262654539237,61.118323132408,61.944588586331,2.2445511758454,0.50617054502792,0.51873164121222,0.71728017813061,0.98785958340708,0.44461045204033,0,100
0.0337,0.82909440845961,61.115489998398,61.944584406858,2.2445701056762,0.50617054502792,0.51873164121222,0.71724692867671,0.98785178340858,0.44457739234033,0,100
0.0338,0.83193172194325,61.11264850544,61.944580227384,2.2445894640944,0.50617054502792,0.51873164121222,0.71721358112282,0.98784388531009,0.44454423454033,0,100
0.0339,0.83477739437459,61.109798653535,61.94457604791,2.244609251089,0.50617054502792,0.51873164121222,0.71718013546892,0.9878358891116,0.44451097864033,0,100
0.034,0.83763142575363,61.106940442682,61.944571868436,2.2446294666485,0.50617054502792,0.51873164121222,0.71714659171503,0.9878277948131,0.44447762464033,0,100
0.0341,0.84049381608036,61.104073872882,61.944567688962,2.2446501107613,0.50617054502792,0.51873164121222,0.71711294986113,0.98781960241461,0.44444417254033,0,100
0.0342,0.84336456535484,61.101198944133,61.944563509488,2.2446711834158,0.50617054502792,0.51873164121222,0.71707920990723,0.98781131191611,0.44441062234033,0,100
0.0343,0.84624367357699,61.098315656437,61.944559330014,2.2446926845998,0.50617054502792,0.51873164121222,0.71704537185334,0.98780292331762,0.44437697404033,0,100
0.0344,0.84913114074685,61.095424009794,61.94455515054,2.2447146143009,0.50617054502792,0.51873164121222,0.71701143569944,0.98779443661913,0.44434322764033,0,100
0.0345,0.83740150815008,61.092524004202,61.929925512352,2.2447369725067,0.50617037810015,0.51873164121222,0.71697740144555,0.98778585182063,0.44430938314033,1,100
0.0346,0.8377289409822,61.089615639663,61.927344580645,2.2447597592043,0.50617013897439,0.51873164121222,0.71694326909165,0.98777716892214,0.44427544054033,1,100
0.0347,0.84022868155445,61.086698916176,61.926927597731,2.2447829743806,0.50616986868068,0.51873164121222,0.71690903863775,0.98776838792364,0.44424139984033,1,100
0.0348,0.84310179215734,61.083773833742,61.926875625899,2.2448066180225,0.50616958498908,0.51873164121222,0.71687471008386,0.98775950882515,0.44420726104033,1,100
0.0349,0.84603436467616,61.080840392359,61.926874757036,2.2448306901163,0.50616929559461,0.51873164121222,0.71684028342996,0.98775053162666,0.44417302414033,1,100
0.035,0.84897752112488,61.07789859203,61.926876113154,2.2448551906482,0.50616900382833,0.51873164121222,0.71680575867606,0.98774145632816,0.44413868914033,1,100
0.0351,0.85192634137898,61.074948432752,61.926874774131,2.2448801196043,0.50616871113108,0.51873164121222,0.71677113582217,0.98773228292967,0.44410425604033,1,100
0.0352,0.85488170548659,61.071989914527,61.926871620013,2.2449054769702,0.50616841812503,0.51873164121222,0.71673641486827,0.98772301143118,0.44406972484033,1,100
0.0353,0.85784454327805,61.069023037353,61.926867580632,2.2449312627315,0.50616812507772,0.51873164121222,0.71670159581438,0.98771364183268,0.44403509554033,1,100
0.0354,0.86081559992497,61.066047801233,61.926863401158,2.2449574768734,0.50616783203041,0.51873164121222,0.71666667866048,0.98770417413419,0.44400036814033,1,98
0.0355,0.86379501551959,61.063064206164,61.926859221684,2.2449841193808,0.50616753898311,0.51873164121222,0.71663166340658,0.98769460833569,0.44396554264033,1,98
0.0356,0.86678279006191,61.060072252148,61.92685504221,2.2450111902386,0.5061672459358,0.51873164121222,0.71659655005269,0.9876849444372,0.44393061904033,1,98
0.0357,0.86977892355197,61.057071939184,61.926850862736,2.2450386894312,0.5061669528885,0.51873164121222,0.71656133859879,0.98767518243871,0.44389559734033,1,97
0.0358,0.8727834159897,61.054063267272,61.926846683262,2.2450666169429,0.50616665984119,0.51873164121222,0.7165260290449,0.98766532234021,0.44386047754033,1,96
0.0359,0.87579626737516,61.051046236413,61.926842503788,2.2450949727576,0.50616636679389,0.51873164121222,0.716490621391,0.98765536414172,0.44382525964033,1,95
0.036,0.8788174777083,61.048020846606,61.926838324314,2.2451237568593,0.50616607374658,0.51873164121222,0.7164551156371,0.98764530784322,0.44378994364033,1,94
0.0361,0.88184704698916,61.044987097852,61.926834144841,2.2451529692313,0.50616578069927,0.51873164121222,0.71641951178321,0.98763515344473,0.44375452954033,1,94
0.0362,0.88488497521774,61.041944990149,61.926829965367,2.2451826098571,0.50616548765197,0.51873164121222,0.71638380982931,0.98762490094624,0.44371901734033,1,94
0.0363,0.88793126239401,61.038894523499,61.926825785893,2.2452126787196,0.50616519460466,0.51873164121222,0.71634800977542,0.98761455034774,0.44368340704033,1,94
0.0364,0.89098590851799,61.035835697901,61.926821606419,2.2452431758016,0.50616490155736,0.51873164121222,0.71631211162152,0.98760410164925,0.44364769864033,1,94
0.0365,0.89404891358967,61.032768513356,61.926817426945,2.2452741010856,0.50616460851005,0.51873164121222,0.71627611536762,0.98759355485075,0.44361189214033,1,94
0.0366,0.89712027760905,61.029692969862,61.926813247471,2.2453054545541,0.50616431546275,0.51873164121222,0.71624002101373,0.98758290995226,0.44357598754033,1,94
0.0367,0.90020000057614,61.026609067421,61.926809067998,2.2453372361889,0.50616402241544,0.51873164121222,0.71620382855983,0.98757216695377,0.44353998484033,1,94
0.0368,0.90328808249095,61.023516806033,61.926804888524,2.2453694459721,0.50616372936814,0.51873164121222,0.71616753800593,0.98756132585527,0.44350388404033,1,93
0.0369,0.90638452335345,61.020416185696,61.92680070905,2.245402083885,0.50616343632083,0.51873164121222,0.71613114935204,0.98755038665678,0.44346768514033,1,93
0.037,0.90948932316367,61.017307206412,61.926796529576,2.2454351499092,0.50616314327352,0.51873164121222,0.71609466259814,0.98753934935828,0.44343138814033,1,93
0.0371,0.91260248192157,61.014189868181,61.926792350102,2.2454686440256,0.50616285022622,0.51873164121222,0.71605807774425,0.98752821395979,0.44339499304033,1,94
0.0372,0.9157239996272,61.011064171001,61.926788170628,2.2455025662151,0.50616255717891,0.51873164121222,0.71602139479035,0.9875169804613,0.44335849984033,1,94
0.0373,0.91885387628054,61.007930114874,61.926783991154,2.2455369164582,0.50616226413161,0.51873164121222,0.71598461373645,0.9875056488628,0.44332190854033,1,96
0.0374,0.92199211188158,61.004787699799,61.926779811681,2.2455716947355,0.5061619710843,0.51873164121222,0.71594773458256,0.98749421916431,0.44328521914033,1,96
0.0375,0.92513870643031,61.001636925776,61.926775632207,2.2456069010269,0.506161678037,0.51873164121222,0.71591075732866,0.98748269136581,0.44324843164033,1,96
0.0376,0.92829365992676,60.998477792806,61.926771452733,2.2456425353123,0.50616138498969,0.51873164121222,0.71587368197477,0.98747106546732,0.44321154604033,1,96
0.0377,0.9314569723709,60.995310300888,61.926767273259,2.2456785975714,0.50616109194239,0.51873164121222,0.71583650852087,0.98745934146883,0.44317456234033,1,96
0.0378,0.93462864376275,60.992134450022,61.926763093785,2.2457150877835,0.50616079889508,0.51873164121222,0.71579923696697,0.98744751937033,0.44313748054033,1,95
0.0379,0.93780867410233,60.988950240209,61.926758914311,2.2457520059279,0.50616050584777,0.51873164121222,0.71576186731308,0.98743559917184,0.44310030064033,1,95
0.038,0.94099706338959,60.985757671448,61.926754734837,2.2457893519833,0.50616021280047,0.51873164121222,0.71572439955918,0.98742358087335,0.44306302264033,1,95
0.0381,0.94419381162458,60.982556743739,61.926750555364,2.2458271259284,0.50615991975316,0.51873164121222,0.71568683370528,0.98741146447485,0.44302564654033,1,95
0.0382,0.94739891880723,60.979347457083,61.92674637589,2.2458653277417,0.50615962670586,0.51873164121222,0.71564916975139,0.98739924997636,0.44298817234033,1,96
0.0383,0.95061238493763,60.976129811478,61.926742196416,2.2459039574012,0.50615933365855,0.51873164121222,0.71561140769749,0.98738693737786,0.44295060004033,1,96
0.0384,0.95383421001572,60.972903806926,61.926738016942,2.245943014885,0.50615904061125,0.51873164121222,0.7155735475436,0.98737452667937,0.44291292964033,1,95
0.0385,0.9570643940415,60.969669443427,61.926733837468,2.2459825001708,0.50615874756394,0.51873164121222,0.7155355892897,0.98736201788088,0.44287516114033,1,95
0.0386,0.960302937015,60.966426720979,61.926729657994,2.2460224132358,0.50615845451663,0.51873164121222,0.7154975329358,0.98734941098238,0.44283729454033,1,95
0.0387,0.9635498389362,60.963175639584,61.926725478521,2.2460627540574,0.50615816146933,0.51873164121222,0.71545937848191,0.98733670598389,0.44279932984033,1,95
0.0388,0.96680509980514,60.959916199242,61.926721299047,2.2461035226125,0.50615786842202,0.51873164121222,0.71542112592801,0.98732390288539,0.44276126704033,1,95
0.0389,0.97006871962175,60.956648399951,61.926717119573,2.2461447188778,0.50615757537472,0.51873164121222,0.71538277527412,0.9873110016869,0.44272310614033,1,95
0.039,0.97334069838607,60.953372241713,61.926712940099,2.2461863428298,0.50615728232741,0.51873164121222,0.71534432652022,0.98729800238841,0.44268484714033,1,94
0.0391,0.97662103609811,60.950087724527,61.926708760625,2.2462283944447,0.50615698928011,0.51873164121222,0.71530577966632,0.98728490498991,0.44264649004033,1,94
0.0392,0.97990973275783,60.946794848393,61.926704581151,2.2462708736984,0.5061566962328,0.51873164121222,0.71526713471243,0.98727170949142,0.44260803484033,1,94
0.0393,0.98320678836529,60.943493613312,61.926700401677,2.2463137805668,0.5061564031855,0.51873164121222,0.71522839165853,0.98725841589292,0.44256948154033,1,94
0.0394,0.98651220292042,60.940184019283,61.926696222204,2.2463571150253,0.50615611013819,0.51873164121222,0.71518955050463,0.98724502419443,0.44253083014033,1,94
0.0395,0.98982597642327,60.936866066306,61.92669204273,2.2464008770491,0.50615581709088,0.51873164121222,0.71515061125074,0.98723153439594,0.44249208064033,1,94
0.0396,0.99314810887384,60.933539754382,61.926687863256,2.2464450666133,0.50615552404358,0.51873164121222,0.71511157389684,0.98721794649744,0.44245323304033,1,94
0.0397,0.9964786002721,60.93020508351,61.926683683782,2.2464896836927,0.50615523099627,0.51873164121222,0.71507243844295,0.98720426049895,0.44241428734033,1,93
0.0398,0.99981745061807,60.92686205369,61.926679504308,2.2465347282618,0.50615493794897,0.51873164121222,0.71503320488905,0.98719047640045,0.44237524354033,1,93
0.0399,1.0031646599117,60.923510664923,61.926675324834,2.2465802002948,0.50615464490166,0.51873164121222,0.71499387323515,0.98717659420196,0.44233610164033,1,93
0.04,1.0065202281531,60.920150917207,61.92667114536,2.2466260997658,0.50615435185436,0.51873164121222,0.71495444348126,0.98716261390347,0.44229686164033,1,93
0.0401,1.0098841553422,60.916782810544,61.926666965887,2.2466724266486,0.50615405880705,0.51873164121222,0.71491491562736,0.98714853550497,0.44225752354033,1,93
0.0402,1.013256441479,60.913406344934,61.926662786413,2.2467191809168,0.50615376575974,0.51873164121222,0.71487528967346,0.98713435900648,0.44221808734033,1,93
0.0403,1.0166370865635,60.910021520375,61.926658606939,2.2467663625437,0.50615347271244,0.51873164121222,0.71483556561957,0.98712008440799,0.44217855304033,1,93
0.0404,1.0200260905957,60.906628336869,61.926654427465,2.2468139715024,0.50615317966513,0.51873164121222,0.71479574346567,0.98710571170949,0.44213892064033,0,93
0.0405,1.0234234535756,60.903226794416,61.926650247991,2.2468620077657,0.50615288661783,0.51873164121222,0.71475582321178,0.987091240911,0.44209919014033,0,93
0.0406,1.0268291755032,60.899816893014,61.926646068517,2.2469104713061,0.50615259357052,0.51873164121222,0.71471580485788,0.9870766720125,0.44205936154033,0,93
0.0407,1.0302432563785,60.896398632665,61.926641889043,2.2469593620961,0.50615230052322,0.51873164121222,0.71467568840398,0.98706200501401,0.44201943484033,0,93
0.0408,1.0336656962016,60.892972013368,61.92663770957,2.2470086801078,0.50615200747591,0.51873164121222,0.71463547385009,0.98704723991552,0.44197941004033,0,93
0.0409,1.0370964949723,60.889537035123,61.926633530096,2.247058425313,0.50615171442861,0.51873164121222,0.71459516119619,0.98703237671702,0.44193928714033,0,93
0.041,1.0405356526907,60.886093697931,61.926629350622,2.2471085976834,0.5061514213813,0.51873164121222,0.7145547504423,0.98701741541853,0.44189906614033,0,93
0.0411,1.0406232908221,60.882642001791,61.923265292613,2.2471591971903,0.50615112833399,0.51873164121222,0.7145142415884,0.98700235602003,0.44185874704033,1,93
0.0412,1.044079166436,60.879181946703,61.923261113139,2.2472102238049,0.50615083528669,0.51873164121222,0.7144736346345,0.98698719852154,0.44181832984033,0,93
0.0413,1.0475434009975,60.875713532668,61.923256933666,2.2472616774981,0.50615054223938,0.51873164121222,0.71443292958061,0.98697194292305,0.44177781454033,0,93
0.0414,1.0510159945068,60.872236759685,61.923252754192,2.2473135582406,0.50615024919208,0.51873164121222,0.71439212642671,0.98695658922455,0.44173720114033,0,93
0.0415,1.0544969469637,60.868751627754,61.923248574718,2.2473658660028,0.50614995614477,0.51873164121222,0.71435122517281,0.98694113742606,0.44169648964033,0,93
0.0416,1.0579862583684,60.865258136876,61.923244395244,2.2474186007548,0.50614966309747,0.51873164121222,0.71431022581892,0.98692558752756,0.44165568004033,0,93
0.0417,1.060018743804,60.861756287049,61.921775030853,2.2474717624667,0.50614937005016,0.51873164121222,0.71426912836502,0.98690993952907,0.44161477234033,1,93
0.0418,1.0635247731041,60.858246078275,61.92177085138,2.2475253511081,0.50614907700286,0.51873164121222,0.71422793281113,0.98689419343058,0.44157376654033,0,94
0.0419,1.0670391613519,60.854727510554,61.921766671906,2.2475793666485,0.50614878395555,0.51873164121222,0.71418663915723,0.98687834923208,0.44153266264033,0,94
0.042,1.0705619085473,60.851200583885,61.921762492432,2.2476338090571,0.50614849090824,0.51873164121222,0.71414524740333,0.98686240693359,0.44149146064033,0,94
0.0421,1.0740930146906,60.847665298267,61.921758312958,2.2476886783028,0.50614819786094,0.51873164121222,0.71410375754944,0.98684636653509,0.44145016054033,0,94
0.0422,1.0776324797815,60.844121653703,61.921754133484,2.2477439743545,0.50614790481363,0.51873164121222,0.71406216959554,0.9868302280366,0.44140876234033,0,94
0.0423,1.0811803038201,60.84056965019,61.92174995401,2.2477996971807,0.50614761176633,0.51873164121222,0.71402048354165,0.98681399143811,0.44136726604033,0,94
0.0424,1.0847364868064,60.83700928773,61.921745774536,2.2478558467495,0.50614731871902,0.51873164121222,0.71397869938775,0.98679765673961,0.44132567164033,0,93
0.0425,1.0883010287404,60.833440566322,61.921741595063,2.247912423029,0.50614702567172,0.51873164121222,0.71393681713385,0.98678122394112,0.44128397914033,0,93
0.0426,1.0918739296221,60.829863485967,61.921737415589,2.2479694259871,0.50614673262441,0.51873164121222,0.71389483677996,0.98676469304263,0.44124218854033,0,93
0.0427,1.0954551894516,60.826278046663,61.921733236115,2.2480268555911,0.5061464395771,0.51873164121222,0.71385275832606,0.98674806404413,0.44120029984033,0,94
0.0428,1.0990448082287,60.822684248412,61.921729056641,2.2480847118085,0.5061461465298,0.51873164121222,0.71381058177216,0.98673133694564,0.44115831304033,0,94
0.0429,1.1026427859536,60.819082091214,61.921724877167,2.2481429946064,0.50614585348249,0.51873164121222,0.71376830711827,0.98671451174714,0.44111622814033,0,94
0.043,1.1062491226261,60.815471575067,61.921720697693,2.2482017039514,0.50614556043519,0.51873164121222,0.71372593436437,0.98669758844865,0.44107404514033,0,94
0.0431,1.1098638182463,60.811852699973,61.921716518219,2.2482608398103,0.50614526738788,0.51873164121222,0.71368346351048,0.98668056705016,0.44103176404033,0,93
0.0432,1.1134868728143,60.808225465931,61.921712338746,2.2483204021493,0.50614497434058,0.51873164121222,0.71364089455658,0.98666344755166,0.44098938484033,0,93
0.0433,1.11711828633,60.804589872942,61.921708159272,2.2483803909346,0.50614468129327,0.51873164121222,0.71359822750268,0.98664622995317,0.44094690754033,0,93
0.0434,1.1207580587934,60.800945921004,61.921703979798,2.248440806132,0.50614438824597,0.51873164121222,0.71355546234879,0.98662891425467,0.44090433214033,0,93
0.0435,1.1244061902044,60.79729361012,61.921699800324,2.2485016477072,0.50614409519866,0.51873164121222,0.71351259909489,0.98661150045618,0.44086165864033,0,94
0.0436,1.1280626805632,60.793632940287,61.92169562085,2.2485629156255,0.50614380215135,0.51873164121222,0.713469637741,0.98659398855769,0.44081888704033,0,94
0.0437,1.1317275298697,60.789963911507,61.921691441376,2.2486246098521,0.50614350910405,0.51873164121222,0.7134265782871,0.98657637855919,0.44077601734033,0,94
0.0438,1.1354007381239,60.786286523779,61.921687261902,2.248686730352,0.50614321605674,0.51873164121222,0.7133834207332,0.9865586704607,0.44073304954033,0,94
0.0439,1.1390823053258,60.782600777103,61.921683082429,2.2487492770897,0.50614292300944,0.51873164121222,0.71334016507931,0.9865408642622,0.44068998364033,0,94
0.044,1.1427722314754,60.778906671479,61.921678902955,2.2488122500297,0.50614262996213,0.51873164121222,0.71329681132541,0.98652295996371,0.44064681964033,0,94
0.0441,1.1464705165727,60.775204206908,61.921674723481,2.2488756491363,0.50614233691483,0.51873164121222,0.71325335947152,0.98650495756522,0.44060355754033,0,94
0.0442,1.1501771606177,60.771493383389,61.921670544007,2.2489394743733,0.50614204386752,0.51873164121222,0.71320980951762,0.98648685706672,0.44056019734033,0,93
0.0443,1.1538921636105,60.767774200923,61.921666364533,2.2490037257045,0.50614175082021,0.51873164121222,0.71316616146372,0.98646865846823,0.44051673904033,0,93
0.0444,1.1576155255509,60.764046659508,61.921662185059,2.2490684030934,0.50614145777291,0.51873164121222,0.71312241530983,0.98645036176973,0.44047318264033,0,94
0.0445,1.161347246439,60.760310759146,61.921658005585,2.2491335065033,0.5061411647256,0.51873164121222,0.71307857105593,0.98643196697124,0.44042952814033,0,94
0.0446,1.1650873262749,60.756566499837,61.921653826112,2.249199035897,0.5061408716783,0.51873164121222,0.71303462870203,0.98641347407275,0.44038577554033,0,94
0.0447,1.1688357650584,60.752813881579,61.921649646638,2.2492649912374,0.50614057863099,0.51873164121222,0.71299058824814,0.98639488307425,0.44034192484033,0,94
0.0448,1.1725925627897,60.749052904374,61.921645467164,2.2493313724871,0.50614028558369,0.51873164121222,0.71294644969424,0.98637619397576,0.44029797604033,0,94
0.0449,1.1763577194686,60.745283568221,61.92164128769,2.2493981796083,0.50613999253638,0.51873164121222,0.71290221304035,0.98635740677727,0.44025392914033,0,94
0.045,1.1801312350953,60.741505873121,61.921637108216,2.2494654125631,0.50613969948908,0.51873164121222,0.71285787828645,0.98633852147877,0.44020978414033,0,95
0.0451,1.1839131096697,60.737719819073,61.921632928742,2.2495330713132,0.50613940644177,0.51873164121222,0.71281344543255,0.98631953808028,0.44016554104033,0,95
0.0452,1.1877033431917,60.733925406077,61.921628749268,2.2496011558203,0.50613911339446,0.51873164121222,0.71276891447866,0.98630045658178,0.44012119984033,0,96
0.0453,1.1915019356615,60.730122634133,61.921624569795,2.2496696660458,0.50613882034716,0.51873164121222,0.71272428542476,0.98628127698329,0.44007676054033,0,96
0.0454,1.195308887079,60.726311503242,61.921620390321,2.2497386019507,0.50613852729985,0.51873164121222,0.71267955827087,0.9862619992848,0.44003222314033,0,96
0.0455,1.1991241974442,60.722492013403,61.921616210847,2.2498079634959,0.50613823425255,0.51873164121222,0.71263473301697,0.9862426234863,0.43998758764033,0,96
0.0456,1.2029478667571,60.718664164616,61.921612031373,2.249877750642,0.50613794120524,0.51873164121222,0.71258980966307,0.98622314958781,0.43994285404033,0,96
0.0457,1.2067798950177,60.714827956882,61.921607851899,2.2499479633494,0.50613764815794,0.51873164121222,0.71254478820918,0.98620357758931,0.43989802234033,0,96
0.0458,1.210620282226,60.710983390199,61.921603672425,2.2500186015783,0.50613735511063,0.51873164121222,0.71249966865528,0.98618390749082,0.43985309254033,0,96
0.0459,1.214469028382,60.70713046457,61.921599492952,2.2500896652887,0.50613706206332,0.51873164121222,0.71245445100138,0.98616413929233,0.43980806464033,0,96
0.046,1.2183261334857,60.703269179992,61.921595313478,2.2501611544401,0.50613676901602,0.51873164121222,0.71240913524749,0.98614427299383,0.43976293864033,0,96
0.0461,1.2221915975372,60.699399536467,61.921591134004,2.2502330689921,0.50613647596871,0.51873164121222,0.71236372139359,0.98612430859534,0.43971771454033,0,96
0.0462,1.2260654205363,60.695521533994,61.92158695453,2.2503054089039,0.50613618292141,0.51873164121222,0.7123182094397,0.98610424609684,0.43967239234033,0,96
0.0463,1.2299476024831,60.691635172573,61.921582775056,2.2503781741344,0.5061358898741,0.51873164121222,0.7122725993858,0.98608408549835,0.43962697204033,0,95
0.0464,1.2338381433776,60.687740452205,61.921578595582,2.2504513646424,0.5061355968268,0.51873164121222,0.7122268912319,0.98606382679986,0.43958145364033,0,95
0.0465,1.2377370432199,60.683837372889,61.921574416108,2.2505249803864,0.50613530377949,0.51873164121222,0.71218108497801,0.98604347000136,0.43953583714033,0,95
0.0466,1.2416443020099,60.679925934625,61.921570236635,2.2505990213246,0.50613501073219,0.51873164121222,0.71213518062411,0.98602301510287,0.43949012254033,0,95
0.0467,1.2455599197475,60.676006137413,61.921566057161,2.2506734874152,0.50613471768488,0.51873164121222,0.71208917817022,0.98600246210437,0.43944430984033,0,96
0.0468,1.2494838964329,60.672077981254,61.921561877687,2.2507483786159,0.50613442463757,0.51873164121222,0.71204307761632,0.98598181100588,0.43939839904033,0,96
0.0469,1.2534162320659,60.668141466147,61.921557698213,2.2508236948843,0.50613413159027,0.51873164121222,0.71199687896242,0.98596106180739,0.43935239014033,0,96
0.047,1.2573569266467,60.664196592092,61.921553518739,2.2508994361777,0.50613383854296,0.51873164121222,0.71195058220853,0.98594021450889,0.43930628314033,0,96
0.0471,1.2613059801752,60.66024335909,61.921549339265,2.2509756024531,0.50613354549566,0.51873164121222,0.71190418735463,0.9859192691104,0.43926007804033,0,96
0.0472,1.2652633926514,60.65628176714,61.921545159791,2.2510521936676,0.50613325244835,0.51873164121222,0.71185769440073,0.9858982256119,0.43921377484033,0,97
0.0473,1.2692291640753,60.652311816242,61.921540980318,2.2511292097776,0.50613295940105,0.51873164121222,0.71181110334684,0.98587708401341,0.43916737354033,0,97
0.0474,1.2732032944469,60.648333506397,61.921536800844,2.2512066507397,0.50613266635374,0.51873164121222,0.71176441419294,0.98585584431492,0.43912087414033,0,97
0.0475,1.2771857837662,60.644346837604,61.92153262137,2.2512845165098,0.50613237330644,0.51873164121222,0.71171762693905,0.98583450651642,0.43907427664033,0,97
0.0476,1.2811766320332,60.640351809863,61.921528441896,2.251362807044,0.50613208025913,0.51873164121222,0.71167074158515,0.98581307061793,0.43902758104033,0,96
0.0477,1.2851758392479,60.636348423174,61.921524262422,2.251441522298,0.50613178721182,0.51873164121222,0.71162375813125,0.98579153661944,0.43898078734033,0,96
0.0478,1.2891834054103,60.632336677538,61.921520082948,2.2515206622272,0.50613149416452,0.51873164121222,0.71157667657736,0.98576990452094,0.43893389554033,0,96
0.0479,1.2931993305205,60.628316572954,61.921515903475,2.2516002267868,0.50613120111721,0.51873164121222,0.71152949692346,0.98574817432245,0.43888690564033,0,95
0.048,1.2972236145783,60.624288109422,61.921511724001,2.2516802159318,0.50613090806991,0.51873164121222,0.71148221916956,0.98572634602395,0.43883981764033,0,95
0.0481,1.3012562575838,60.620251286943,61.921507544527,2.251760629617,0.5061306150226,0.51873164121222,0.71143484331567,0.98570441962546,0.43879263154033,0,96
0.0482,1.3052972595371,60.616206105516,61.921503365053,2.2518414677968,0.5061303219753,0.51873164121222,0.71138736936177,0.98568239512697,0.43874534734033,0,96
0.0483,1.309346620438,60.612152565141,61.921499185579,2.2519227304257,0.50613002892799,0.51873164121222,0.71133979730788,0.98566027252847,0.43869796504033,0,95
0.0484,1.3134043402867,60.608090665819,61.921495006105,2.2520044174575,0.50612973588068,0.51873164121222,0.71129212715398,0.98563805182998,0.43865048464033,0,95
0.0485,1.317470419083,60.604020407548,61.921490826631,2.2520865288462,0.50612944283338,0.51873164121222,0.71124435890008,0.98561573303148,0.43860290614033,0,95
0.0486,1.3215448568271,60.59994179033,61.921486647158,2.2521690645453,0.50612914978607,0.51873164121222,0.71119649254619,0.98559331613299,0.43855522954033,0,95
0.0487,1.3256276535189,60.595854814165,61.921482467684,2.2522520245082,0.50612885673877,0.51873164121222,0.71114852809229,0.9855708011345,0.43850745484033,0,95
0.0488,1.3297188091584,60.591759479051,61.92147828821,2.252335408688,0.50612856369146,0.51873164121222,0.7111004655384,0.985548188036,0.43845958204033,0,95
0.0489,1.3338183237455,60.58765578499,61.921474108736,2.2524192170375,0.50612827064416,0.51873164121222,0.7110523048845,0.98552547683751,0.43841161114033,0,95
0.049,1.3379261972804,60.583543731982,61.921469929262,2.2525034495095,0.50612797759685,0.51873164121222,0.7110040461306,0.98550266753901,0.43836354214033,0,95
0.0491,1.342042429763,60.579423320025,61.921465749788,2.2525881060564,0.50612768454955,0.51873164121222,0.71095568927671,0.98547976014052,0.43831537504033,0,95
0.0492,1.3461670211933,60.575294549121,61.921461570314,2.2526731866303,0.50612739150224,0.51873164121222,0.71090723432281,0.98545675464203,0.43826710984033,0,95
0.0493,1.3502999715713,60.571157419269,61.921457390841,2.2527586911832,0.50612709845493,0.51873164121222,0.71085868126891,0.98543365104353,0.43821874654033,0,95
0.0494,1.354441280897,60.56701193047,61.921453211367,2.2528446196669,0.50612680540763,0.51873164121222,0.71081003011502,0.98541044934504,0.43817028514033,0,95
0.0495,1.3585909491704,60.562858082722,61.921449031893,2.2529309720327,0.50612651236032,0.51873164121222,0.71076128086112,0.98538714954654,0.43812172564033,0,95
0.0496,1.3627489763916,60.558695876027,61.921444852419,2.2530177482321,0.50612621931302,0.51873164121222,0.71071243350723,0.98536375164805,0.43807306804033,0,95
0.0497,1.3669153625604,60.554525310385,61.921440672945,2.2531049482159,0.50612592626571,0.51873164121222,0.71066348805333,0.98534025564956,0.43802431234033,0,96
0.0498,1.3710901076769,60.550346385794,61.921436493471,2.2531925719351,0.50612563321841,0.51873164121222,0.71061444449943,0.98531666155106,0.43797545854033,0,96
0.0499,1.3752732117412,60.546159102256,61.921432313997,2.2532806193401,0.5061253401711,0.51873164121222,0.71056530284554,0.98529296935257,0.43792650664033,0,96
0.05,1.3794646747531,60.54196345977,61.921428134524,2.2533690903814,0.5061250471238,0.51873164121222,0.71051606309164,0.98526917905408,0.43787745664033,0,96
