id,x,y,z,vx,vy,vz,radius,mass
0,0.78942595266494,0.19103235298393,0.86947375671561,0,0,0,0.012,0.01737175073729
1,0.59452575770214,0.44713277136727,0.50378650725259,0,0,0,0.012,0.01737175073729
2,0.46022691454568,0.3376996048422,0.52686234615589,0,0,0,0.012,0.01737175073729
3,0.64726715006378,0.067057698627024,0.83843533914532,0,0,0,0.012,0.01737175073729
4,0.9280274492345,0.012760074414137,0.98380982156839,0,0,0,0.012,0.01737175073729
5,0.61466195122595,0.60897348657086,0.45380167404989,0,0,0,0.012,0.01737175073729
6,0.034508930274653,0.52418006993743,0.66512520605819,0,0,0,0.012,0.01737175073729
7,0.057545692248304,0.96238538992711,0.57523098112296,0,0,0,0.012,0.01737175073729
8,0.10043188108809,0.61554475042558,0.65576455064337,0,0,0,0.012,0.01737175073729
9,0.97163334467399,0.4675605890607,0.91264793689572,0,0,0,0.012,0.01737175073729
10,0.67598015792318,0.45168727130593,0.4571365474381,0,0,0,0.012,0.01737175073729
11,0.93158891219602,0.56176929791236,0.65735408037829,0,0,0,0.012,0.01737175073729
12,0.027583067206969,0.23735236908107,0.57967170242549,0,0,0,0.012,0.01737175073729
13,0.67886519972179,0.60735673692243,0.89825886331508,0,0,0,0.012,0.01737175073729
14,0.18120389567352,0.39367515495222,0.5480430147362,0,0,0,0.012,0.01737175073729
15,0.74923273503562,0.42695213638251,0.56187261512731,0,0,0,0.012,0.01737175073729
16,0.56607551941406,0.042561772790835,0.90314920787598,0,0,0,0.012,0.01737175073729
17,0.45096003001289,0.39766662608947,0.94854246788831,0,0,0,0.012,0.01737175073729
18,0.72181746820536,0.33070379310189,0.75689885908403,0,0,0,0.012,0.01737175073729
19,0.52033424363641,0.95010389999955,0.90435921157688,0,0,0,0.012,0.01737175073729
20,0.74138442833613,0.53873951842842,0.76567212868199,0,0,0,0.012,0.01737175073729
21,0.9540891833818,0.60446542799524,0.59848756093438,0,0,0,0.012,0.01737175073729
22,0.30116294212861,0.17330053489258,0.45841238588656,0,0,0,0.012,0.01737175073729
23,0.42523984159604,0.39740436046983,0.6078966388779,0,0,0,0.012,0.01737175073729
24,0.025741907858613,0.20607018552625,0.832701968622,0,0,0,0.012,0.01737175073729
25,0.78321132257011,0.60341694093141,0.94834987233994,0,0,0,0.012,0.01737175073729
26,0.64745118180985,0.90500064321633,0.90732075346269,0,0,0,0.012,0.01737175073729
27,0.45066385819398,0.10512027330765,0.64950022119987,0,0,0,0.012,0.01737175073729
28,0.66478906689573,0.66194021573602,0.76811820870045,0,0,0,0.012,0.01737175073729
29,0.28012846842368,0.55977358084962,0.65601465844783,0,0,0,0.012,0.01737175073729
30,0.96039100312179,0.84053988756801,0.83829048073322,0,0,0,0.012,0.01737175073729
31,0.24232128119557,0.26192268255364,0.47175327239504,0,0,0,0.012,0.01737175073729
32,0.70560698052454,0.12022944670573,0.68636304095659,0,0,0,0.012,0.01737175073729
33,0.20887794536569,0.88626527180119,0.70574918089583,0,0,0,0.012,0.01737175073729
34,0.56175696098497,0.69082369454959,0.52496032208583,0,0,0,0.012,0.01737175073729
35,0.60191136061105,0.5388849028909,0.55924694159219,0,0,0,0.012,0.01737175073729
36,0.93222508708371,0.59649269456676,0.82379429562015,0,0,0,0.012,0.01737175073729
37,0.87133661029054,0.62136954735857,0.6090509241756,0,0,0,0.012,0.01737175073729
38,0.11496239594608,0.45757774128079,0.56752095595337,0,0,0,0.012,0.01737175073729
39,0.418513706991,0.87408153557571,0.62449762201499,0,0,0,0.012,0.01737175073729
40,0.13115784245451,0.35974669330814,0.93787370478294,0,0,0,0.012,0.01737175073729
41,0.27760107376692,0.64414556050265,0.45027996260435,0,0,0,0.012,0.01737175073729
42,0.35610720043592,0.30946650856176,0.5385848475708,0,0,0,0.012,0.01737175073729
43,0.53327127629949,0.48519405711614,0.82253058524232,0,0,0,0.012,0.01737175073729
44,0.27494643740472,0.25026650816051,0.54054058276845,0,0,0,0.012,0.01737175073729
45,0.22551388164876,0.55670755420121,0.66726386103971,0,0,0,0.012,0.01737175073729
46,0.075334832784464,0.25982144290313,0.58281932229637,0,0,0,0.012,0.01737175073729
47,0.69159296809643,0.70717609414582,0.52967076771191,0,0,0,0.012,0.01737175073729
48,0.98579471843084,0.27237827141676,0.97541884442464,0,0,0,0.012,0.01737175073729
49,0.41317213087404,0.044257518295721,0.6356483317157,0,0,0,0.012,0.01737175073729
50,0.63112691089289,0.67636852630829,0.7356428063861,0,0,0,0.012,0.01737175073729
51,0.44903636724821,0.55162365453364,0.76887083753902,0,0,0,0.012,0.01737175073729
52,0.090912846114487,0.37278275278754,0.58028204590824,0,0,0,0.012,0.01737175073729
53,0.79586440085404,0.4710134156139,0.97908164746644,0,0,0,0.012,0.01737175073729
54,0.40125265684592,0.80883751454458,0.8795096757837,0,0,0,0.012,0.01737175073729
55,0.15910032258538,0.50800201072383,0.82434729179236,0,0,0,0.012,0.01737175073729
56,0.84975818966511,0.33013589281978,0.56848968398444,0,0,0,0.012,0.01737175073729
57,0.70608194562052,0.80207302631899,0.6375823009852,0,0,0,0.012,0.01737175073729
58,0.10586831410734,0.92995070297508,0.66389374675828,0,0,0,0.012,0.01737175073729
59,0.51732531275448,0.8296050641691,0.81352128286985,0,0,0,0.012,0.01737175073729
60,0.72957093708517,0.21605389900476,0.74129901027621,0,0,0,0.012,0.01737175073729
61,0.69108557412966,0.23506481789699,0.54412574946346,0,0,0,0.012,0.01737175073729
62,0.97059630264659,0.51623663047279,0.59032609715987,0,0,0,0.012,0.01737175073729
63,0.98434361034167,0.95424928694471,0.75036187504481,0,0,0,0.012,0.01737175073729
64,0.87345307359817,0.19617814041905,0.60003278733939,0,0,0,0.012,0.01737175073729
65,0.69554924094417,0.83834127187462,0.91070246796698,0,0,0,0.012,0.01737175073729
66,0.40679993137387,0.87846361189921,0.90779950756007,0,0,0,0.012,0.01737175073729
67,0.92517975683932,0.77849246967159,0.80991567959483,0,0,0,0.012,0.01737175073729
68,0.57875014918295,0.37534798283711,0.95579179240172,0,0,0,0.012,0.01737175073729
69,0.96229591024098,0.28910687403868,0.61428575631429,0,0,0,0.012,0.01737175073729
70,0.4859590188208,0.44966195942538,0.98501811757469,0,0,0,0.012,0.01737175073729
71,0.18370304216698,0.029641554007094,0.71571481912249,0,0,0,0.012,0.01737175073729
72,0.18653096225429,0.36967353442511,0.85036373895861,0,0,0,0.012,0.01737175073729
73,0.71563736193554,0.31266733590929,0.74188664561318,0,0,0,0.012,0.01737175073729
74,0.50860254225028,0.6330606382766,0.58474846009553,0,0,0,0.012,0.01737175073729
75,0.58771394678907,0.96739942817522,0.71186727702047,0,0,0,0.012,0.01737175073729
76,0.89635241401723,0.43596890101023,0.63834218392978,0,0,0,0.012,0.01737175073729
77,0.64162087726094,0.66486988196221,0.91492214928776,0,0,0,0.012,0.01737175073729
78,0.23666082273018,0.49921274029862,0.75773825948803,0,0,0,0.012,0.01737175073729
79,0.76210872031928,0.054557287135623,0.9850681724393,0,0,0,0.012,0.01737175073729
80,0.47066584552217,0.28485089011188,0.92531978323641,0,0,0,0.012,0.01737175073729
81,0.74177352943115,0.94219811685735,0.62794366582004,0,0,0,0.012,0.01737175073729
82,0.55149860365361,0.57055744994047,0.97741839212282,0,0,0,0.012,0.01737175073729
83,0.085537948232269,0.31036029445366,0.55271013527857,0,0,0,0.012,0.01737175073729
84,0.27403145821362,0.48563315658768,0.65050553441541,0,0,0,0.012,0.01737175073729
85,0.39721886697026,0.83595202527234,0.9503490551809,0,0,0,0.012,0.01737175073729
86,0.080726146086208,0.21590466780561,0.81107520991351,0,0,0,0.012,0.01737175073729
87,0.36203926275072,0.26006372457201,0.60886633424481,0,0,0,0.012,0.01737175073729
88,0.32680954639062,0.84030171653698,0.52350227458938,0,0,0,0.012,0.01737175073729
89,0.70389713530187,0.55155229677233,0.6095224552024,0,0,0,0.012,0.01737175073729
90,0.4217061158656,0.26205797469026,0.77899437577475,0,0,0,0.012,0.01737175073729
91,0.091635922695352,0.017060423900157,0.78780719248108,0,0,0,0.012,0.01737175073729
92,0.20161137840039,0.081238331625789,0.66346969756755,0,0,0,0.012,0.01737175073729
93,0.061550082957534,0.87733833921064,0.46485782355858,0,0,0,0.012,0.01737175073729
94,0.57697213764455,0.43995074692642,0.81155006447507,0,0,0,0.012,0.01737175073729
95,0.33227700416815,0.16332061976716,0.97823040046309,0,0,0,0.012,0.01737175073729
96,0.83079909856051,0.85175491306573,0.58463523381585,0,0,0,0.012,0.01737175073729
97,0.049902696875029,0.30798714307017,0.73895034662024,0,0,0,0.012,0.01737175073729
98,0.33081160913315,0.82000014380685,0.59609009132447,0,0,0,0.012,0.01737175073729
99,0.95408578448059,0.45829079861938,0.90300841478629,0,0,0,0.012,0.01737175073729
100,0.20171491637138,0.41348141411473,0.82633756715592,0,0,0,0.012,0.01737175073729
101,0.14703261465536,0.14155952858661,0.97161083468958,0,0,0,0.012,0.01737175073729
102,0.70944482149368,0.052081894746797,0.66456564687235,0,0,0,0.012,0.01737175073729
103,0.43511624083862,0.73818562477744,0.58496296675229,0,0,0,0.012,0.01737175073729
104,0.19190966483409,0.090932016148126,0.68043318859063,0,0,0,0.012,0.01737175073729
105,0.68397590283101,0.068796948049017,0.94238498798926,0,0,0,0.012,0.01737175073729
106,0.4437357776148,0.24603246564517,0.50050382989866,0,0,0,0.012,0.01737175073729
107,0.19047721399214,0.92418326224488,0.79338957569529,0,0,0,0.012,0.01737175073729
108,0.5162955484623,0.65334065979724,0.68439201760717,0,0,0,0.012,0.01737175073729
109,0.72451837641491,0.058570939375444,0.75452802098153,0,0,0,0.012,0.01737175073729
110,0.16683893155945,0.12928070109795,0.63393126373732,0,0,0,0.012,0.01737175073729
111,0.10159589406133,0.1038972234458,0.6175403606612,0,0,0,0.012,0.01737175073729
112,0.96800227760219,0.18312234103278,0.45923267433166,0,0,0,0.012,0.01737175073729
113,0.7570436789802,0.79954706681515,0.63631172448693,0,0,0,0.012,0.01737175073729
114,0.46552164490359,0.64617911236906,0.47585570193091,0,0,0,0.012,0.01737175073729
115,0.93836623432698,0.8774000584995,0.59036077024191,0,0,0,0.012,0.01737175073729
116,0.026937228902621,0.92303383725948,0.71955945805942,0,0,0,0.012,0.01737175073729
117,0.53843239026981,0.67954864062436,0.78132792805826,0,0,0,0.012,0.01737175073729
118,0.93323820480445,0.93358955897461,0.91655302728998,0,0,0,0.012,0.01737175073729
119,0.63312991144781,0.79372651195658,0.81431656809608,0,0,0,0.012,0.01737175073729
120,0.57160622853666,0.13741634157017,0.88642784846168,0,0,0,0.012,0.01737175073729
121,0.8129441238764,0.6229171179251,0.89138963814446,0,0,0,0.012,0.01737175073729
122,0.64784913255882,0.21372393629412,0.59739108975263,0,0,0,0.012,0.01737175073729
123,0.22143898261797,0.38020486807506,0.47096216831398,0,0,0,0.012,0.01737175073729
124,0.61541579003171,0.34047691836828,0.80277877969674,0,0,0,0.012,0.01737175073729
125,0.38814710235394,0.67725494298539,0.63325601874257,0,0,0,0.012,0.01737175073729
126,0.26643786178411,0.4961325559586,0.82277501332983,0,0,0,0.012,0.01737175073729
127,0.35197652539425,0.92616859224575,0.47108224379599,0,0,0,0.012,0.01737175073729
128,0.41991532673254,0.95635862277825,0.74480887288734,0,0,0,0.012,0.01737175073729
129,0.42530763518372,0.56687579647,0.75984741787009,0,0,0,0.012,0.01737175073729
130,0.72608820685156,0.13662517398659,0.58450884861689,0,0,0,0.012,0.01737175073729
131,0.57861096079037,0.85830580694522,0.75228428093222,0,0,0,0.012,0.01737175073729
132,0.24487053473057,0.67552850481931,0.84807091294601,0,0,0,0.012,0.01737175073729
133,0.24451848462234,0.38066339295838,0.73746818085145,0,0,0,0.012,0.01737175073729
134,0.4966437205293,0.39226725546425,0.61012772183963,0,0,0,0.012,0.01737175073729
135,0.10958525133366,0.064201650316795,0.96569532520273,0,0,0,0.012,0.01737175073729
136,0.83881171226959,0.35838746540833,0.96475887581189,0,0,0,0.012,0.01737175073729
137,0.6725274268387,0.48294044721494,0.71524780455197,0,0,0,0.012,0.01737175073729
138,0.093285585617803,0.10150324660299,0.774113218232,0,0,0,0.012,0.01737175073729
139,0.5524141785914,0.21962242477023,0.95905266349688,0,0,0,0.012,0.01737175073729
140,0.7745449431065,0.12274145244869,0.95083985939461,0,0,0,0.012,0.01737175073729
141,0.96286625690445,0.98402889119279,0.48005868264699,0,0,0,0.012,0.01737175073729
142,0.73134669752767,0.54481379569378,0.82973733915407,0,0,0,0.012,0.01737175073729
143,0.95740429948695,0.68351728624375,0.9002865650886,0,0,0,0.012,0.01737175073729
144,0.85806385942441,0.83035722598124,0.67923721240443,0,0,0,0.012,0.01737175073729
145,0.2292345847702,0.39913195936545,0.92984053745078,0,0,0,0.012,0.01737175073729
146,0.1550863057676,0.51300634640814,0.57547669964648,0,0,0,0.012,0.01737175073729
147,0.57935408630664,0.85442319757801,0.92363366254638,0,0,0,0.012,0.01737175073729
148,0.24300474596612,0.89790905180492,0.76843614009266,0,0,0,0.012,0.01737175073729
149,0.35381300689636,0.70318485250306,0.70913683867476,0,0,0,0.012,0.01737175073729
150,0.38091588657501,0.70016233795905,0.58381359263096,0,0,0,0.012,0.01737175073729
151,0.33432647181037,0.43602500325361,0.5864810110631,0,0,0,0.012,0.01737175073729
152,0.40747723715638,0.5697576788872,0.84864393908072,0,0,0,0.012,0.01737175073729
153,0.76078217739704,0.81504338555473,0.85038586927794,0,0,0,0.012,0.01737175073729
154,0.67669447722848,0.24380631525288,0.66531991798935,0,0,0,0.012,0.01737175073729
155,0.47824973764221,0.092901929175215,0.73426312447044,0,0,0,0.012,0.01737175073729
156,0.43786376923933,0.79485863286166,0.9761105574068,0,0,0,0.012,0.01737175073729
157,0.55466092034862,0.32694191166994,0.47334962128974,0,0,0,0.012,0.01737175073729
158,0.91445188774239,0.90905694393654,0.58610870854317,0,0,0,0.012,0.01737175073729
159,0.69072125331977,0.085624119829861,0.53942390166349,0,0,0,0.012,0.01737175073729
160,0.223605686748,0.29942609214947,0.98575727730723,0,0,0,0.012,0.01737175073729
161,0.69219885518879,0.38698098146037,0.84656018243004,0,0,0,0.012,0.01737175073729
162,0.9052882377087,0.94769354482792,0.4811307754231,0,0,0,0.012,0.01737175073729
163,0.39705327346662,0.11619392117409,0.63058511633185,0,0,0,0.012,0.01737175073729
164,0.1776075905782,0.64332399834125,0.65888839010509,0,0,0,0.012,0.01737175073729
165,0.23588927377967,0.27155542046801,0.64386565782545,0,0,0,0.012,0.01737175073729
166,0.26571105987742,0.45436306756049,0.46738598339344,0,0,0,0.012,0.01737175073729
167,0.28504918268584,0.41333775826872,0.77429665138894,0,0,0,0.012,0.01737175073729
168,0.2764546614765,0.1419886783582,0.49099580129191,0,0,0,0.012,0.01737175073729
169,0.92995905770054,0.4186397193817,0.76266548832842,0,0,0,0.012,0.01737175073729
170,0.90911631714336,0.092762453312102,0.921643879706,0,0,0,0.012,0.01737175073729
171,0.55034976937931,0.17287823959722,0.67125525409826,0,0,0,0.012,0.01737175073729
172,0.77093982788907,0.48084119676964,0.98008389653246,0,0,0,0.012,0.01737175073729
173,0.37969723264566,0.74358842382298,0.66142832271683,0,0,0,0.012,0.01737175073729
174,0.82126427941458,0.56742351163689,0.48416936254572,0,0,0,0.012,0.01737175073729
175,0.047938141720706,0.14263967287281,0.45735551939045,0,0,0,0.012,0.01737175073729
176,0.085550441628094,0.68711325205769,0.73747829256145,0,0,0,0.012,0.01737175073729
177,0.74391288537153,0.90324977084545,0.76481044813404,0,0,0,0.012,0.01737175073729
178,0.72069394166361,0.75091124927487,0.65328359688006,0,0,0,0.012,0.01737175073729
179,0.24729879767853,0.21212424160348,0.5852760286493,0,0,0,0.012,0.01737175073729
180,0.28013823243304,0.2142541845887,0.92248271643999,0,0,0,0.012,0.01737175073729
181,0.75083115024855,0.057770950327463,0.59454579867718,0,0,0,0.012,0.01737175073729
182,0.033652304727312,0.49820922421651,0.70620135447241,0,0,0,0.012,0.01737175073729
183,0.82341857114848,0.31239058380101,0.8892155234391,0,0,0,0.012,0.01737175073729
184,0.95674239361534,0.098286426347558,0.87599799938398,0,0,0,0.012,0.01737175073729
185,0.58779695835938,0.48052487044847,0.6762482486543,0,0,0,0.012,0.01737175073729
186,0.77783622217947,0.63601668238207,0.88311403161259,0,0,0,0.012,0.01737175073729
187,0.89347543368858,0.61444938997671,0.97748894482148,0,0,0,0.012,0.01737175073729
188,0.60549374080593,0.63336485904822,0.74849079744495,0,0,0,0.012,0.01737175073729
189,0.10081803848105,0.7209635017669,0.74452611410137,0,0,0,0.012,0.01737175073729
190,0.45208859109638,0.90061996819751,0.61030218611829,0,0,0,0.012,0.01737175073729
191,0.52303581730629,0.69289846350478,0.87850181834932,0,0,0,0.012,0.01737175073729
192,0.46032247989614,0.83388122132615,0.86367774585838,0,0,0,0.012,0.01737175073729
193,0.076646315420989,0.05676058989766,0.78399345699354,0,0,0,0.012,0.01737175073729
194,0.35107548437659,0.21611165415143,0.76185166511516,0,0,0,0.012,0.01737175073729
195,0.34536569518093,0.53636909697439,0.69754410979183,0,0,0,0.012,0.01737175073729
196,0.58273172173951,0.40269327847386,0.82534515397639,0,0,0,0.012,0.01737175073729
197,0.18774565731769,0.69178542924708,0.67147373277926,0,0,0,0.012,0.01737175073729
198,0.86533398613969,0.51487039070916,0.97353337118336,0,0,0,0.012,0.01737175073729
199,0.59948895105165,0.23047669216145,0.89212336445553,0,0,0,0.012,0.01737175073729
200,0.34880064663032,0.35127635415641,0.46711092093616,0,0,0,0.012,0.01737175073729
201,0.54754614206557,0.53359733722865,0.64152341914687,0,0,0,0.012,0.01737175073729
202,0.88475604893858,0.13765843679838,0.62759353858811,0,0,0,0.012,0.01737175073729
203,0.32586478410704,0.10207561203613,0.70885622133922,0,0,0,0.012,0.01737175073729
204,0.68327788820603,0.51137724411483,0.53445399097213,0,0,0,0.012,0.01737175073729
205,0.38023110525002,0.014532745434812,0.91714599276403,0,0,0,0.012,0.01737175073729
206,0.094488595829078,0.59494340756403,0.9806062653403,0,0,0,0.012,0.01737175073729
207,0.53571247101862,0.91386475867629,0.57703069402805,0,0,0,0.012,0.01737175073729
208,0.75371648271648,0.53051537555271,0.83763763821564,0,0,0,0.012,0.01737175073729
209,0.072845175395145,0.15619335778146,0.52161690700702,0,0,0,0.012,0.01737175073729
210,0.6826735273805,0.83617409797239,0.85329353200441,0,0,0,0.012,0.01737175073729
211,0.04174082654513,0.85840182216293,0.64053090743411,0,0,0,0.012,0.01737175073729
212,0.3996319029722,0.11435231167745,0.84672400215567,0,0,0,0.012,0.01737175073729
213,0.18990907146787,0.56242992883632,0.90230197359931,0,0,0,0.012,0.01737175073729
214,0.099063427261629,0.53448751627273,0.5754704288655,0,0,0,0.012,0.01737175073729
215,0.34669661814839,0.47459466348666,0.64104611321337,0,0,0,0.012,0.01737175073729
216,0.6452510904973,0.48007213465648,0.76429932100996,0,0,0,0.012,0.01737175073729
217,0.73113873661221,0.55635644946172,0.76555606308744,0,0,0,0.012,0.01737175073729
218,0.56291153917212,0.38168208293908,0.63154639570431,0,0,0,0.012,0.01737175073729
219,0.89005585931669,0.60497389999926,0.58146199954093,0,0,0,0.012,0.01737175073729
220,0.49828975191609,0.33442011468551,0.9523262033141,0,0,0,0.012,0.01737175073729
221,0.019353542277481,0.23192481402386,0.64656196864421,0,0,0,0.012,0.01737175073729
222,0.48810236788542,0.84239790267796,0.49728354451581,0,0,0,0.012,0.01737175073729
223,0.79852413485345,0.066317804357319,0.90316495178325,0,0,0,0.012,0.01737175073729
224,0.062396223064118,0.029804665826243,0.82496526336782,0,0,0,0.012,0.01737175073729
225,0.98532140656905,0.8870916149312,0.75988714732324,0,0,0,0.012,0.01737175073729
226,0.90737811457045,0.017172803680584,0.97458613536358,0,0,0,0.012,0.01737175073729
227,0.49097081396256,0.71754658661568,0.89162347254756,0,0,0,0.012,0.01737175073729
228,0.71321429272626,0.53419584871815,0.70642128454091,0,0,0,0.012,0.01737175073729
229,0.83045657448872,0.21215569842957,0.97078080963684,0,0,0,0.012,0.01737175073729
230,0.70588961700627,0.20671876180526,0.84610098630169,0,0,0,0.012,0.01737175073729
231,0.52912386434446,0.70225656893479,0.8630653723242,0,0,0,0.012,0.01737175073729
232,0.097195212254697,0.50595746700635,0.95142371798285,0,0,0,0.012,0.01737175073729
233,0.32494677851107,0.59162990341517,0.64864599833588,0,0,0,0.012,0.01737175073729
234,0.45536554521148,0.54743664358631,0.74532002234741,0,0,0,0.012,0.01737175073729
235,0.20888892934243,0.68014182650545,0.49727304530929,0,0,0,0.012,0.01737175073729
236,0.14749298079883,0.014645834272994,0.51278248121799,0,0,0,0.012,0.01737175073729
237,0.47381021211421,0.60355543415906,0.87732772298566,0,0,0,0.012,0.01737175073729
238,0.11613846824795,0.84230999605619,0.85133429436313,0,0,0,0.012,0.01737175073729
239,0.41071385708402,0.92254755274796,0.983120055917,0,0,0,0.012,0.01737175073729
240,0.21208176573455,0.38212709893679,0.94842978692888,0,0,0,0.012,0.01737175073729
241,0.71627823656875,0.058940372653465,0.87045479423481,0,0,0,0.012,0.01737175073729
242,0.82007030240642,0.74448987819445,0.88015097918605,0,0,0,0.012,0.01737175073729
243,0.81732949174934,0.19393126212813,0.57680215907335,0,0,0,0.012,0.01737175073729
244,0.6305483574926,0.89807734743099,0.62011376081059,0,0,0,0.012,0.01737175073729
245,0.58618731496673,0.67859049190931,0.69314834671778,0,0,0,0.012,0.01737175073729
246,0.70865167488824,0.89007543037084,0.7857666331271,0,0,0,0.012,0.01737175073729
247,0.53882631106073,0.44021480651052,0.76068761287966,0,0,0,0.012,0.01737175073729
248,0.35883375012191,0.39408654015092,0.7361393220668,0,0,0,0.012,0.01737175073729
249,0.077020251770156,0.23552877879998,0.74205292947121,0,0,0,0.012,0.01737175073729
250,0.43317146202971,0.33682820315409,0.84303543659432,0,0,0,0.012,0.01737175073729
251,0.68906838593419,0.17472922032884,0.92270246343854,0,0,0,0.012,0.01737175073729
252,0.49553345563197,0.73566584948279,0.75835515710826,0,0,0,0.012,0.01737175073729
253,0.98574799858073,0.74634544837941,0.83035549069934,0,0,0,0.012,0.01737175073729
254,0.77188621306851,0.15169291382052,0.56004498922081,0,0,0,0.012,0.01737175073729
255,0.70892653906257,0.49412592614632,0.85599378688673,0,0,0,0.012,0.01737175073729
256,0.11244604488413,0.53560580115801,0.65380600064423,0,0,0,0.012,0.01737175073729
257,0.45803221601111,0.60146288460037,0.7202311295424,0,0,0,0.012,0.01737175073729
258,0.53890398250384,0.48668490715751,0.67001788278141,0,0,0,0.012,0.01737175073729
259,0.76535681071899,0.023910199992069,0.77196217280182,0,0,0,0.012,0.01737175073729
260,0.56393614388008,0.71099078091274,0.77227780015289,0,0,0,0.012,0.01737175073729
261,0.81895565901729,0.94805699951976,0.63427804901422,0,0,0,0.012,0.01737175073729
262,0.23389455779115,0.42543053945322,0.60490613305628,0,0,0,0.012,0.01737175073729
263,0.61219145820955,0.90196795248372,0.52484451137143,0,0,0,0.012,0.01737175073729
264,0.11037553207524,0.26187115909643,0.84063942268485,0,0,0,0.012,0.01737175073729
265,0.59073179122507,0.11175955888577,0.94428778013355,0,0,0,0.012,0.01737175073729
266,0.78312260019219,0.034470058248462,0.80043556274671,0,0,0,0.012,0.01737175073729
267,0.76473674795518,0.37744892338348,0.48707978755758,0,0,0,0.012,0.01737175073729
268,0.087465358748555,0.11374503519357,0.90215651941455,0,0,0,0.012,0.01737175073729
269,0.90082972870193,0.13186332236045,0.57691744317974,0,0,0,0.012,0.01737175073729
270,0.17354801792307,0.19384917835211,0.90057004356363,0,0,0,0.012,0.01737175073729
271,0.33617489263479,0.31596960290545,0.57233884398153,0,0,0,0.012,0.01737175073729
272,0.6053049287575,0.38220236449815,0.8504063138602,0,0,0,0.012,0.01737175073729
273,0.21264588925781,0.78088293698793,0.77480218586617,0,0,0,0.012,0.01737175073729
274,0.12352488248923,0.41655647468302,0.9145727591615,0,0,0,0.012,0.01737175073729
275,0.91280918506202,0.46652331830236,0.70869029455601,0,0,0,0.012,0.01737175073729
276,0.90841181432824,0.5849785922713,0.46767151006238,0,0,0,0.012,0.01737175073729
277,0.90284348075687,0.25426901165244,0.76076599233199,0,0,0,0.012,0.01737175073729
278,0.17354099919424,0.045066058388183,0.6175725647314,0,0,0,0.012,0.01737175073729
279,0.77376381278823,0.282925078293,0.56841230433391,0,0,0,0.012,0.01737175073729
280,0.21957644455805,0.51480951652108,0.97484122601146,0,0,0,0.012,0.01737175073729
281,0.4599732532599,0.55593004137303,0.91302002796556,0,0,0,0.012,0.01737175073729
282,0.53422804526689,0.19203576067019,0.6111825989583,0,0,0,0.012,0.01737175073729
283,0.31449844673022,0.39978248183836,0.67961243257846,0,0,0,0.012,0.01737175073729
284,0.79258725228833,0.35300171637454,0.70190872659543,0,0,0,0.012,0.01737175073729
285,0.62197656677526,0.38066052763995,0.90007186922523,0,0,0,0.012,0.01737175073729
286,0.58535472147336,0.29898760129514,0.83416385002184,0,0,0,0.012,0.01737175073729
287,0.5269841847742,0.53362895155321,0.70882531668552,0,0,0,0.012,0.01737175073729
288,0.49708366466107,0.75898773340932,0.50540403554624,0,0,0,0.012,0.01737175073729
289,0.33833809920437,0.085691281387839,0.85524646563479,0,0,0,0.012,0.01737175073729
290,0.27776661036824,0.88789207945211,0.73329921363026,0,0,0,0.012,0.01737175073729
291,0.79353177687873,0.96743708503078,0.90180640742043,0,0,0,0.012,0.01737175073729
292,0.85818590650586,0.41019286901949,0.74682675836947,0,0,0,0.012,0.01737175073729
293,0.25979523733087,0.20340638546681,0.72196324272209,0,0,0,0.012,0.01737175073729
294,0.59276780502574,0.34312873565536,0.75636061244233,0,0,0,0.012,0.01737175073729
295,0.8781614303175,0.55536027130044,0.83779744632313,0,0,0,0.012,0.01737175073729
296,0.79798740685011,0.9769992912182,0.77452020291485,0,0,0,0.012,0.01737175073729
297,0.79948574249892,0.95154573561863,0.95809243211236,0,0,0,0.012,0.01737175073729
298,0.14969588784036,0.40863889374399,0.62430665207508,0,0,0,0.012,0.01737175073729
299,0.096838818563806,0.63004299773944,0.84591668107687,0,0,0,0.012,0.01737175073729
300,0.83977302557484,0.13183024640612,0.9215269127613,0,0,0,0.012,0.01737175073729
301,0.6394953535183,0.69905142536278,0.93991571073985,0,0,0,0.012,0.01737175073729
302,0.62176699914733,0.33980507704188,0.89390774657381,0,0,0,0.012,0.01737175073729
303,0.36634578735069,0.04540663934502,0.89689212444383,0,0,0,0.012,0.01737175073729
304,0.34890753147778,0.76726249776771,0.64516374665336,0,0,0,0.012,0.01737175073729
305,0.852402389998,0.22624226610349,0.97430642886652,0,0,0,0.012,0.01737175073729
306,0.77304456584744,0.12349621305073,0.75438782332959,0,0,0,0.012,0.01737175073729
307,0.97371849626203,0.47175988121542,0.54797364296492,0,0,0,0.012,0.01737175073729
308,0.4851436901351,0.51215867382799,0.84902757485969,0,0,0,0.012,0.01737175073729
309,0.69407354842886,0.40488884627313,0.56729643230763,0,0,0,0.012,0.01737175073729
310,0.64157286647521,0.42358303610955,0.52116460273313,0,0,0,0.012,0.01737175073729
311,0.89095857124056,0.68663253131312,0.81755291522911,0,0,0,0.012,0.01737175073729
312,0.81484185738162,0.52894980476339,0.88849928131172,0,0,0,0.012,0.01737175073729
313,0.49813657538283,0.0775631865774,0.6680234693182,0,0,0,0.012,0.01737175073729
314,0.49752573177493,0.7149177208603,0.50733935929627,0,0,0,0.012,0.01737175073729
315,0.14865809751179,0.26935539076608,0.59337613600125,0,0,0,0.012,0.01737175073729
316,0.72661215033869,0.2567131207043,0.79060675699894,0,0,0,0.012,0.01737175073729
317,0.49441128115567,0.57153530853874,0.90090154663007,0,0,0,0.012,0.01737175073729
318,0.40667634736577,0.76440950691838,0.67705540154343,0,0,0,0.012,0.01737175073729
319,0.35737846255252,0.94762012450078,0.54919155508584,0,0,0,0.012,0.01737175073729
320,0.10016887370143,0.76448226576594,0.48671834345814,0,0,0,0.012,0.01737175073729
321,0.82898909518773,0.43870075459633,0.94254635592116,0,0,0,0.012,0.01737175073729
322,0.71621607636609,0.60775495253922,0.96072705761034,0,0,0,0.012,0.01737175073729
323,0.39912978838026,0.94318884862767,0.52263068706403,0,0,0,0.012,0.01737175073729
324,0.48414482715609,0.27543335855794,0.74043541575893,0,0,0,0.012,0.01737175073729
325,0.17012554464489,0.83333295254148,0.90536742295224,0,0,0,0.012,0.01737175073729
326,0.94431064289912,0.16296000947955,0.78535291034072,0,0,0,0.012,0.01737175073729
327,0.47485561291883,0.34811852377095,0.63912860465758,0,0,0,0.012,0.01737175073729
328,0.41488650195457,0.70000733796591,0.77187789856837,0,0,0,0.012,0.01737175073729
329,0.46064916021572,0.086111003074909,0.49183775414216,0,0,0,0.012,0.01737175073729
330,0.01428324288042,0.95647460515937,0.45282655267893,0,0,0,0.012,0.01737175073729
331,0.11261949611829,0.31904623977102,0.88439747506875,0,0,0,0.012,0.01737175073729
332,0.9510084177552,0.78305323013792,0.82152140639332,0,0,0,0.012,0.01737175073729
333,0.52078945378664,0.096624285378654,0.96549588508381,0,0,0,0.012,0.01737175073729
334,0.75219099497516,0.63561460120479,0.85836128436446,0,0,0,0.012,0.01737175073729
335,0.71872484539518,0.63393801926534,0.97755031847927,0,0,0,0.012,0.01737175073729
336,0.89368308149364,0.64314496206066,0.82292826308939,0,0,0,0.012,0.01737175073729
337,0.062357502476304,0.66583945100973,0.47376100654789,0,0,0,0.012,0.01737175073729
338,0.58614542364344,0.98736901810929,0.74902394169084,0,0,0,0.012,0.01737175073729
339,0.47385307349132,0.3173463412741,0.5148411463495,0,0,0,0.012,0.01737175073729
340,0.72547910270297,0.19997664855472,0.51202172453127,0,0,0,0.012,0.01737175073729
341,0.42364035515947,0.78825363697708,0.85084472725054,0,0,0,0.012,0.01737175073729
342,0.065565430267098,0.45622023492127,0.73106980190046,0,0,0,0.012,0.01737175073729
343,0.64107753229351,0.64656333265922,0.6462071222418,0,0,0,0.012,0.01737175073729
344,0.55922094302263,0.48151640082655,0.92612911327868,0,0,0,0.012,0.01737175073729
345,0.52953876941082,0.44244739035417,0.66761317451343,0,0,0,0.012,0.01737175073729
346,0.57068949229265,0.79668153327045,0.73965999909869,0,0,0,0.012,0.01737175073729
347,0.6577754535125,0.73214722674878,0.72985043964179,0,0,0,0.012,0.01737175073729
348,0.42857344574498,0.86762540973934,0.67461827326364,0,0,0,0.012,0.01737175073729
349,0.46285621629465,0.97857312209187,0.45012778743716,0,0,0,0.012,0.01737175073729
350,0.19302155882626,0.38674875371629,0.95173337206971,0,0,0,0.012,0.01737175073729
351,0.080348991642616,0.021257783852048,0.47834390423183,0,0,0,0.012,0.01737175073729
352,0.098418369646365,0.048694453841142,0.7081223527715,0,0,0,0.012,0.01737175073729
353,0.57881903145193,0.27716647930553,0.66427861262891,0,0,0,0.012,0.01737175073729
354,0.10149855479548,0.34029757654475,0.73111532457561,0,0,0,0.012,0.01737175073729
355,0.72669728224349,0.015266052240749,0.70141319249278,0,0,0,0.012,0.01737175073729
356,0.3018748106384,0.84435409974501,0.83496768482621,0,0,0,0.012,0.01737175073729
357,0.58696993029956,0.28261127348828,0.93976243545525,0,0,0,0.012,0.01737175073729
358,0.05601826126222,0.11884037679469,0.66069701594086,0,0,0,0.012,0.01737175073729
359,0.13345105517081,0.94546171986801,0.87931825278119,0,0,0,0.012,0.01737175073729
360,0.26476706840086,0.58642893059721,0.9784938143931,0,0,0,0.012,0.01737175073729
361,0.87497820280353,0.59837928577002,0.93620349557266,0,0,0,0.012,0.01737175073729
362,0.97744447112984,0.73751234933804,0.48496268787311,0,0,0,0.012,0.01737175073729
363,0.40394230553929,0.82971791948939,0.57404622761894,0,0,0,0.012,0.01737175073729
364,0.82270709782493,0.12945063313944,0.47525660271945,0,0,0,0.012,0.01737175073729
365,0.38687244070608,0.047850371440685,0.96501140151506,0,0,0,0.012,0.01737175073729
366,0.81837676195262,0.79355121520667,0.78882052132513,0,0,0,0.012,0.01737175073729
367,0.22313224527655,0.51782211314854,0.77133344947573,0,0,0,0.012,0.01737175073729
368,0.52443074743706,0.26598777018714,0.72720338054215,0,0,0,0.012,0.01737175073729
369,0.49139786766191,0.98442371986232,0.93282064464847,0,0,0,0.012,0.01737175073729
370,0.46425960926624,0.61998688689504,0.8523549243846,0,0,0,0.012,0.01737175073729
371,0.046028397652341,0.88544332323659,0.91274822743984,0,0,0,0.012,0.01737175073729
372,0.45845372333966,0.39378169518905,0.59685214644365,0,0,0,0.012,0.01737175073729
373,0.4772365843799,0.055311617315611,0.9084801177299,0,0,0,0.012,0.01737175073729
374,0.046572227930985,0.33315413120158,0.95119514559594,0,0,0,0.012,0.01737175073729
375,0.72956755257995,0.2866375748005,0.58592521449033,0,0,0,0.012,0.01737175073729
376,0.016960167794429,0.69101715052815,0.47624556692205,0,0,0,0.012,0.01737175073729
377,0.5318200623216,0.95103104457611,0.50889424587704,0,0,0,0.012,0.01737175073729
378,0.88501241836205,0.979679923656,0.48309616036805,0,0,0,0.012,0.01737175073729
379,0.87371651802288,0.51569312634437,0.93770438008446,0,0,0,0.012,0.01737175073729
380,0.56960728542621,0.65822131860337,0.74255305119668,0,0,0,0.012,0.01737175073729
381,0.85574505209368,0.7282960745703,0.73043804774776,0,0,0,0.012,0.01737175073729
382,0.85932494355605,0.25139867958116,0.53464927480687,0,0,0,0.012,0.01737175073729
383,0.16855050125683,0.33799266245667,0.5784152356522,0,0,0,0.012,0.01737175073729
384,0.91976818185503,0.11529407191459,0.82605701738242,0,0,0,0.012,0.01737175073729
385,0.19668022798343,0.87247783612339,0.96718762316227,0,0,0,0.012,0.01737175073729
386,0.46629873399877,0.86997376552144,0.45276810258028,0,0,0,0.012,0.01737175073729
387,0.81226819602721,0.23513815686271,0.93888130458724,0,0,0,0.012,0.01737175073729
388,0.013093226756179,0.55483336776084,0.85707006200955,0,0,0,0.012,0.01737175073729
389,0.26447981332971,0.20049767397862,0.49524484382999,0,0,0,0.012,0.01737175073729
390,0.33059916958076,0.55840804625993,0.51232399486236,0,0,0,0.012,0.01737175073729
391,0.37965466897506,0.020854670203009,0.89044952667377,0,0,0,0.012,0.01737175073729
392,0.13736595166687,0.28854271608787,0.45991411135845,0,0,0,0.012,0.01737175073729
393,0.43386700001738,0.83195858463549,0.66097735264663,0,0,0,0.012,0.01737175073729
394,0.18718938420933,0.74761006240865,0.87437815513302,0,0,0,0.012,0.01737175073729
395,0.18158339142863,0.76435361028076,0.95964626305981,0,0,0,0.012,0.01737175073729
396,0.17438452680915,0.7644806716822,0.83121173815528,0,0,0,0.012,0.01737175073729
397,0.47420811750186,0.068530369840931,0.4901855995292,0,0,0,0.012,0.01737175073729
398,0.84395670491379,0.97838480787785,0.81371611235843,0,0,0,0.012,0.01737175073729
399,0.44725530491062,0.64403188109297,0.76978497162182,0,0,0,0.012,0.01737175073729
400,0.38640556864908,0.076051123311742,0.89197396441081,0,0,0,0.012,0.01737175073729
401,0.37490952423863,0.81113478946987,0.58584970594255,0,0,0,0.012,0.01737175073729
402,0.013004774241451,0.16712376281694,0.70207420238415,0,0,0,0.012,0.01737175073729
403,0.93364034552807,0.11174097009002,0.9095648590631,0,0,0,0.012,0.01737175073729
404,0.52637551534169,0.81809866891981,0.6105254443272,0,0,0,0.012,0.01737175073729
405,0.83178843921597,0.76627503154809,0.5737688813126,0,0,0,0.012,0.01737175073729
406,0.14018308380963,0.85922101239364,0.96822132269702,0,0,0,0.012,0.01737175073729
407,0.042551060334647,0.7257195849656,0.93932418707937,0,0,0,0.012,0.01737175073729
408,0.84878344624342,0.95337198250722,0.85893061540506,0,0,0,0.012,0.01737175073729
409,0.4436835858998,0.31646514587858,0.62255959395464,0,0,0,0.012,0.01737175073729
410,0.71903652813859,0.73993692247207,0.55779321938163,0,0,0,0.012,0.01737175073729
411,0.85928786487095,0.70976586593222,0.75275965276367,0,0,0,0.012,0.01737175073729
412,0.47221568031507,0.54219521742637,0.53567420995396,0,0,0,0.012,0.01737175073729
413,0.2108124184732,0.1009765435494,0.53266802241462,0,0,0,0.012,0.01737175073729
414,0.45480498731519,0.52962588679989,0.45960969649009,0,0,0,0.012,0.01737175073729
415,0.78967468554601,0.29910794427621,0.94056778600242,0,0,0,0.012,0.01737175073729
416,0.95629099469323,0.19300786034992,0.69860834235524,0,0,0,0.012,0.01737175073729
417,0.013202276968855,0.59596741123928,0.77673087006559,0,0,0,0.012,0.01737175073729
418,0.25359899801321,0.55701076889876,0.57134059656828,0,0,0,0.012,0.01737175073729
419,0.16896566360067,0.64788300015374,0.62534790110614,0,0,0,0.012,0.01737175073729
420,0.58809759884107,0.43484882651139,0.97958105928008,0,0,0,0.012,0.01737175073729
421,0.15799071089837,0.46544823433723,0.81608566704974,0,0,0,0.012,0.01737175073729
422,0.39805200232916,0.96330705435304,0.83837554335706,0,0,0,0.012,0.01737175073729
423,0.6532162422679,0.7508898445457,0.9625249676287,0,0,0,0.012,0.01737175073729
424,0.89803100702007,0.71890245951867,0.85304896373081,0,0,0,0.012,0.01737175073729
425,0.15441994433999,0.11232538216473,0.75714662317299,0,0,0,0.012,0.01737175073729
426,0.029926813239948,0.48277982878473,0.56316807464011,0,0,0,0.012,0.01737175073729
427,0.34971216611136,0.76918542378075,0.95638577809913,0,0,0,0.012,0.01737175073729
428,0.082678277924337,0.53342039251171,0.9248030149786,0,0,0,0.012,0.01737175073729
429,0.092528336042122,0.81672571193436,0.64249712834979,0,0,0,0.012,0.01737175073729
430,0.32636442985465,0.96600719008258,0.55806219078492,0,0,0,0.012,0.01737175073729
431,0.688557286259,0.81372615244551,0.47215672094135,0,0,0,0.012,0.01737175073729
432,0.66629620913124,0.94071277195729,0.51683034285493,0,0,0,0.012,0.01737175073729
433,0.88671199725976,0.59250199309709,0.78173326595306,0,0,0,0.012,0.01737175073729
434,0.61023351756174,0.30366382185004,0.95313857460662,0,0,0,0.012,0.01737175073729
435,0.93661404812384,0.62229734883666,0.87148142767635,0,0,0,0.012,0.01737175073729
436,0.60956379155333,0.48477289125213,0.80552122132087,0,0,0,0.012,0.01737175073729
437,0.55172941735977,0.59513643724622,0.87170191465917,0,0,0,0.012,0.01737175073729
438,0.48136214173433,0.051776010681906,0.53823172128787,0,0,0,0.012,0.01737175073729
439,0.4400806458206,0.71943072587989,0.76918391318584,0,0,0,0.012,0.01737175073729
440,0.64668712680814,0.47977623344113,0.78126920929016,0,0,0,0.012,0.01737175073729
441,0.33312101635103,0.47089821119803,0.85042213810544,0,0,0,0.012,0.01737175073729
442,0.86290879293944,0.43524760587577,0.47348997381525,0,0,0,0.012,0.01737175073729
443,0.16979240166169,0.03236046798109,0.80145550577876,0,0,0,0.012,0.01737175073729
444,0.33633906806236,0.54145914682663,0.71538294434185,0,0,0,0.012,0.01737175073729
445,0.091569858635477,0.40558308764611,0.56866188851138,0,0,0,0.012,0.01737175073729
446,0.42035819830523,0.21069240292858,0.90216339350646,0,0,0,0.012,0.01737175073729
447,0.18201269392751,0.94972181770565,0.67375816323264,0,0,0,0.012,0.01737175073729
448,0.83793540731186,0.6256744610591,0.84561846262033,0,0,0,0.012,0.01737175073729
449,0.76129851424557,0.50472861079591,0.74229568022852,0,0,0,0.012,0.01737175073729
450,0.51365996706072,0.58594497577585,0.46581421209638,0,0,0,0.012,0.01737175073729
451,0.39802280262575,0.60364017887669,0.77157527636036,0,0,0,0.012,0.01737175073729
452,0.78592514615485,0.6512891141464,0.98376772410631,0,0,0,0.012,0.01737175073729
453,0.28904201910322,0.36253140999248,0.65650976548468,0,0,0,0.012,0.01737175073729
454,0.46663329906389,0.82793410960781,0.57685614611451,0,0,0,0.012,0.01737175073729
455,0.76937620257223,0.40758273292581,0.77379819943641,0,0,0,0.012,0.01737175073729
456,0.62935956078753,0.37590026584078,0.72578697992224,0,0,0,0.012,0.01737175073729
457,0.41511842119336,0.079473597068777,0.68519497925622,0,0,0,0.012,0.01737175073729
458,0.10705594962866,0.40730030322491,0.7689900987301,0,0,0,0.012,0.01737175073729
459,0.57750894062744,0.65871836839956,0.50125069144997,0,0,0,0.012,0.01737175073729
460,0.6484722884669,0.31665650182909,0.66468672149059,0,0,0,0.012,0.01737175073729
461,0.84939457956607,0.020813673123944,0.76656599367758,0,0,0,0.012,0.01737175073729
462,0.59634484630146,0.39913993537047,0.57752098818258,0,0,0,0.012,0.01737175073729
463,0.24104186654717,0.87450063915327,0.68780911505444,0,0,0,0.012,0.01737175073729
464,0.33494801794497,0.45000691608975,0.81013203408274,0,0,0,0.012,0.01737175073729
465,0.15425840947986,0.4506474223669,0.76628179009161,0,0,0,0.012,0.01737175073729
466,0.93781735183539,0.25846711970535,0.6432769043585,0,0,0,0.012,0.01737175073729
467,0.38225398967126,0.60300523878722,0.64192184372064,0,0,0,0.012,0.01737175073729
468,0.53270763829161,0.77502735953388,0.8294974493897,0,0,0,0.012,0.01737175073729
469,0.44765580014939,0.85547498641054,0.75027945419148,0,0,0,0.012,0.01737175073729
470,0.53894810449539,0.045367261938107,0.98084082486553,0,0,0,0.012,0.01737175073729
471,0.13201950709329,0.23758376474828,0.47781290152713,0,0,0,0.012,0.01737175073729
472,0.63664289475381,0.23130834591928,0.54684561217466,0,0,0,0.012,0.01737175073729
473,0.098430254023397,0.11282953853639,0.76455283898974,0,0,0,0.012,0.01737175073729
474,0.6836908785162,0.39984188991803,0.708184628281,0,0,0,0.012,0.01737175073729
475,0.6815045164111,0.028962674890836,0.62384429406749,0,0,0,0.012,0.01737175073729
476,0.96174340231339,0.5781895344367,0.58677282485614,0,0,0,0.012,0.01737175073729
477,0.52120852435176,0.34642980466716,0.73634780413862,0,0,0,0.012,0.01737175073729
478,0.1347237203364,0.14152950648527,0.52722579037111,0,0,0,0.012,0.01737175073729
479,0.92926411947603,0.72730934558553,0.53736145640172,0,0,0,0.012,0.01737175073729
480,0.19582870983766,0.72528956760365,0.53401615031107,0,0,0,0.012,0.01737175073729
481,0.24093181721892,0.95222651092319,0.58735490930344,0,0,0,0.012,0.01737175073729
482,0.65775316802505,0.9671441348237,0.65137165935342,0,0,0,0.012,0.01737175073729
483,0.029095610211336,0.2502877549355,0.89701192866787,0,0,0,0.012,0.01737175073729
484,0.85585822312163,0.7620749033198,0.51085308219221,0,0,0,0.012,0.01737175073729
485,0.78841812342699,0.90862952578463,0.7731279331101,0,0,0,0.012,0.01737175073729
486,0.93029434986098,0.81899475074258,0.80883067545898,0,0,0,0.012,0.01737175073729
487,0.57533279222148,0.35220790105873,0.53569664174223,0,0,0,0.012,0.01737175073729
488,0.60243503546701,0.32247687605374,0.91614400162122,0,0,0,0.012,0.01737175073729
489,0.9814968500764,0.74636949354826,0.49867915239486,0,0,0,0.012,0.01737175073729
490,0.2937571428142,0.11849099665525,0.79997526512729,0,0,0,0.012,0.01737175073729
491,0.75882628265639,0.91545863084104,0.68573672146983,0,0,0,0.012,0.01737175073729
492,0.89174262886598,0.86882176832296,0.62065129672951,0,0,0,0.012,0.01737175073729
493,0.86004700740639,0.37865611714828,0.60971567117858,0,0,0,0.012,0.01737175073729
494,0.64549686842864,0.33250008060169,0.78905230517281,0,0,0,0.012,0.01737175073729
495,0.60719584505019,0.56191639130625,0.65466580166159,0,0,0,0.012,0.01737175073729
496,0.54733573152014,0.59416982196037,0.74357954842732,0,0,0,0.012,0.01737175073729
497,0.44575338477183,0.026315048332749,0.76583919758615,0,0,0,0.012,0.01737175073729
498,0.17640171676804,0.63915414429367,0.85852724676749,0,0,0,0.012,0.01737175073729
499,0.50043462087316,0.54134693537342,0.96189546400459,0,0,0,0.012,0.01737175073729
500,0.83883534156033,0.90429484562662,0.88780626525865,0,0,0,0.012,0.01737175073729
501,0.11830430440909,0.15741604952213,0.73332360253403,0,0,0,0.012,0.01737175073729
502,0.25216398641985,0.47725478002261,0.66216854247708,0,0,0,0.012,0.01737175073729
503,0.54822829596943,0.74095069686544,0.83493410565712,0,0,0,0.012,0.01737175073729
504,0.52072451566267,0.81465597989079,0.6818038064943,0,0,0,0.012,0.01737175073729
505,0.88719314558603,0.08156954173556,0.96360709704811,0,0,0,0.012,0.01737175073729
506,0.65098044147287,0.38295272458549,0.55606891673394,0,0,0,0.012,0.01737175073729
507,0.47968283231929,0.20188892686162,0.53948640465936,0,0,0,0.012,0.01737175073729
508,0.61453531415998,0.5225306937235,0.81051166705304,0,0,0,0.012,0.01737175073729
509,0.91929533695707,0.53148597061628,0.76254144435191,0,0,0,0.012,0.01737175073729
510,0.099475304692946,0.71241252856787,0.66514900038282,0,0,0,0.012,0.01737175073729
511,0.96528383271631,0.81541784411008,0.73109480271944,0,0,0,0.012,0.01737175073729
512,0.13226530692373,0.85078981557693,0.88028222800736,0,0,0,0.012,0.01737175073729
513,0.19215508820875,0.30019161648025,0.87685310462711,0,0,0,0.012,0.01737175073729
514,0.19278296845632,0.90772642771397,0.67839575531801,0,0,0,0.012,0.01737175073729
515,0.096950026506544,0.80817067701431,0.65094821074745,0,0,0,0.012,0.01737175073729
516,0.52586321162674,0.12160903655224,0.45139019919742,0,0,0,0.012,0.01737175073729
517,0.63467355980612,0.51481096454699,0.76932375276687,0,0,0,0.012,0.01737175073729
518,0.78669400216234,0.64308737028738,0.54402811355114,0,0,0,0.012,0.01737175073729
519,0.3641139780919,0.89614971396413,0.86423025031253,0,0,0,0.012,0.01737175073729
520,0.55527777053996,0.26150951814819,0.61250854935914,0,0,0,0.012,0.01737175073729
521,0.72639107327075,0.84274607637964,0.81122647033631,0,0,0,0.012,0.01737175073729
522,0.80210126126081,0.76025638753112,0.53054073415548,0,0,0,0.012,0.01737175073729
523,0.4257701382397,0.16131218942919,0.57655674369503,0,0,0,0.012,0.01737175073729
524,0.86039739005249,0.47354255707797,0.7380226609401,0,0,0,0.012,0.01737175073729
525,0.18616326668426,0.3167772594297,0.57387243651165,0,0,0,0.012,0.01737175073729
526,0.21323769409594,0.63464973498638,0.58820350949764,0,0,0,0.012,0.01737175073729
527,0.62884711284878,0.069051705346491,0.52627462282666,0,0,0,0.012,0.01737175073729
528,0.27995129418096,0.59471778722973,0.81360259045288,0,0,0,0.012,0.01737175073729
529,0.44409175860011,0.44709193386927,0.83979006436888,0,0,0,0.012,0.01737175073729
530,0.027441380784804,0.34490386840502,0.89046439795733,0,0,0,0.012,0.01737175073729
531,0.60074213980641,0.34113367866421,0.93717234113002,0,0,0,0.012,0.01737175073729
532,0.76607978420229,0.27053795657994,0.79716592951633,0,0,0,0.012,0.01737175073729
533,0.59345271020213,0.40355940361211,0.64742236974416,0,0,0,0.012,0.01737175073729
534,0.34731502198736,0.61434404553344,0.68801654525785,0,0,0,0.012,0.01737175073729
535,0.82389840429523,0.66553215367766,0.48762320441301,0,0,0,0.012,0.01737175073729
536,0.63680418962708,0.27663989333786,0.76893284988764,0,0,0,0.012,0.01737175073729
537,0.67580876148382,0.23728928887662,0.69578995278303,0,0,0,0.012,0.01737175073729
538,0.19775706609083,0.063082735917861,0.65362031468489,0,0,0,0.012,0.01737175073729
539,0.36623360655223,0.98358895419547,0.6901375659269,0,0,0,0.012,0.01737175073729
540,0.33756388427085,0.57854360725235,0.49775685739343,0,0,0,0.012,0.01737175073729
541,0.95058575814372,0.63172100588193,0.85610274816286,0,0,0,0.012,0.01737175073729
542,0.17838646880633,0.41165038599702,0.67740674484661,0,0,0,0.012,0.01737175073729
543,0.8140830888505,0.013206999589227,0.61185897155129,0,0,0,0.012,0.01737175073729
544,0.96968669731751,0.47548926035509,0.6557991415795,0,0,0,0.012,0.01737175073729
545,0.12895310811815,0.96278468061372,0.46077417815942,0,0,0,0.012,0.01737175073729
546,0.73148789740928,0.76215341098438,0.58108730993478,0,0,0,0.012,0.01737175073729
547,0.66744104395942,0.10269884481571,0.58829143169184,0,0,0,0.012,0.01737175073729
548,0.78099233669205,0.85593372971219,0.777365689221,0,0,0,0.012,0.01737175073729
549,0.50667430645745,0.16748072346562,0.48395266324778,0,0,0,0.012,0.01737175073729
550,0.12682545027586,0.23390072804872,0.63382088211308,0,0,0,0.012,0.01737175073729
551,0.38376769816119,0.35001003957669,0.57861176962594,0,0,0,0.012,0.01737175073729
552,0.5094908627338,0.81747923927246,0.60048050558743,0,0,0,0.012,0.01737175073729
553,0.93176973205909,0.86437658209218,0.53702914271304,0,0,0,0.012,0.01737175073729
554,0.77940533516214,0.57279728122173,0.75481754494174,0,0,0,0.012,0.01737175073729
555,0.39365773973963,0.50112532298162,0.66368218391125,0,0,0,0.012,0.01737175073729
556,0.53877903112806,0.62487925165096,0.81277544800909,0,0,0,0.012,0.01737175073729
557,0.53170163987039,0.71610793500376,0.52600758769493,0,0,0,0.012,0.01737175073729
558,0.21889491044801,0.81108536641145,0.62352005222988,0,0,0,0.012,0.01737175073729
559,0.034344372460923,0.16210016297022,0.57030456470928,0,0,0,0.012,0.01737175073729
560,0.94634713452351,0.57128843406034,0.95180913628704,0,0,0,0.012,0.01737175073729
561,0.57335942953516,0.47984993369909,0.61878549427161,0,0,0,0.012,0.01737175073729
562,0.60381804525214,0.14785726772886,0.93326475437269,0,0,0,0.012,0.01737175073729
563,0.82142842927446,0.32191069383049,0.96260506856497,0,0,0,0.012,0.01737175073729
564,0.81739594916,0.66231552066255,0.51550790808344,0,0,0,0.012,0.01737175073729
565,0.47875641086757,0.50596097323512,0.57511262871062,0,0,0,0.012,0.01737175073729
566,0.090046223844402,0.77008225894169,0.51565486031343,0,0,0,0.012,0.01737175073729
567,0.59202777651467,0.92597439691805,0.9213445942994,0,0,0,0.012,0.01737175073729
568,0.28308656647358,0.84301387243139,0.45017889139027,0,0,0,0.012,0.01737175073729
569,0.02926329999856,0.60009188355057,0.64626144412761,0,0,0,0.012,0.01737175073729
570,0.38918578737704,0.56289449974799,0.55317895948841,0,0,0,0.012,0.01737175073729
571,0.21867322738486,0.48497114829923,0.85578840887948,0,0,0,0.012,0.01737175073729
572,0.61662980715008,0.30221852326541,0.68152140342007,0,0,0,0.012,0.01737175073729
573,0.17856880518269,0.084838702487488,0.871090472102,0,0,0,0.012,0.01737175073729
574,0.27101811365597,0.185499990896,0.82209051561225,0,0,0,0.012,0.01737175073729
575,0.61521843041405,0.62999306853888,0.57314529514644,0,0,0,0.012,0.01737175073729
576,0.23906204225738,0.22750337071914,0.54347889751121,0,0,0,0.012,0.01737175073729
577,0.65198630141116,0.83966350216102,0.83968280034494,0,0,0,0.012,0.01737175073729
578,0.78508338104179,0.40708327053518,0.8018927810695,0,0,0,0.012,0.01737175073729
579,0.35773456849855,0.52489251402182,0.70911954680104,0,0,0,0.012,0.01737175073729
580,0.18464184987724,0.38978887102287,0.9685363847627,0,0,0,0.012,0.01737175073729
581,0.25461433350546,0.14259244979317,0.6751963769223,0,0,0,0.012,0.01737175073729
582,0.78336962945078,0.5801766713405,0.8163644593556,0,0,0,0.012,0.01737175073729
583,0.19714217318357,0.61609343584125,0.6240432139439,0,0,0,0.012,0.01737175073729
584,0.82628008910171,0.62619563035188,0.55698467685772,0,0,0,0.012,0.01737175073729
585,0.075065873641125,0.053610015979164,0.64981781102122,0,0,0,0.012,0.01737175073729
586,0.2714707090508,0.64258395959223,0.71864160239614,0,0,0,0.012,0.01737175073729
587,0.27163482185642,0.15765607229614,0.51843347541817,0,0,0,0.012,0.01737175073729
588,0.85590854062942,0.24963449528368,0.80062032888986,0,0,0,0.012,0.01737175073729
589,0.80322946354388,0.61134336329598,0.91244609634118,0,0,0,0.012,0.01737175073729
590,0.39497626865292,0.94527285380992,0.52163201053439,0,0,0,0.012,0.01737175073729
591,0.1116979424852,0.6548835378103,0.95724315236362,0,0,0,0.012,0.01737175073729
592,0.80147025575852,0.086582856467716,0.60029982675822,0,0,0,0.012,0.01737175073729
593,0.9199912353765,0.25898503090942,0.87026968713737,0,0,0,0.012,0.01737175073729
594,0.81732902483325,0.49556125332739,0.65785571086983,0,0,0,0.012,0.01737175073729
595,0.45132144638748,0.23351754101678,0.92849231469126,0,0,0,0.012,0.01737175073729
596,0.45180478621299,0.87328041563788,0.5068630897535,0,0,0,0.012,0.01737175073729
597,0.97655666343862,0.44463453351425,0.47573298216703,0,0,0,0.012,0.01737175073729
598,0.049109324863337,0.74029828311195,0.80456111720237,0,0,0,0.012,0.01737175073729
599,0.79487942832111,0.11483871352057,0.4691371246368,0,0,0,0.012,0.01737175073729
600,0.50837338567282,0.39029294511671,0.69852745454247,0,0,0,0.012,0.01737175073729
601,0.97979028526354,0.95945195745055,0.9569656793449,0,0,0,0.012,0.01737175073729
602,0.77703045541921,0.3583251704771,0.67172644324034,0,0,0,0.012,0.01737175073729
603,0.54842525479943,0.82260162881493,0.486967503805,0,0,0,0.012,0.01737175073729
604,0.42611376257676,0.092634842124871,0.7268857795862,0,0,0,0.012,0.01737175073729
605,0.8893272059375,0.77570528243863,0.57257921910748,0,0,0,0.012,0.01737175073729
606,0.96456706839094,0.6633339902658,0.45561010206553,0,0,0,0.012,0.01737175073729
607,0.26128355728986,0.26645617591037,0.48725881529989,0,0,0,0.012,0.01737175073729
608,0.94879068338602,0.47877717232089,0.93194825326711,0,0,0,0.012,0.01737175073729
609,0.32648232781916,0.13422796347634,0.70519282649493,0,0,0,0.012,0.01737175073729
610,0.12322167155436,0.48635112953452,0.94511988445356,0,0,0,0.012,0.01737175073729
611,0.52026970410583,0.61370373590484,0.53427147878594,0,0,0,0.012,0.01737175073729
612,0.054685970473341,0.12014856805144,0.77200998906356,0,0,0,0.012,0.01737175073729
613,0.10473141737916,0.37896905911603,0.74594946388771,0,0,0,0.012,0.01737175073729
614,0.3913251327865,0.17175538737472,0.59729972497592,0,0,0,0.012,0.01737175073729
615,0.91803791554899,0.6717587020636,0.71687373593409,0,0,0,0.012,0.01737175073729
616,0.024409731768453,0.98059743349029,0.81124275487005,0,0,0,0.012,0.01737175073729
617,0.32131633840044,0.87016620756143,0.58903620951749,0,0,0,0.012,0.01737175073729
618,0.54296018283835,0.63280506451199,0.56893209572328,0,0,0,0.012,0.01737175073729
619,0.96691574468126,0.74223529808358,0.7501035139323,0,0,0,0.012,0.01737175073729
620,0.18826032822342,0.064565615933485,0.62219219161697,0,0,0,0.012,0.01737175073729
621,0.74711083758714,0.27486734600389,0.74028124995304,0,0,0,0.012,0.01737175073729
622,0.72247644602743,0.11735306480174,0.81869033228207,0,0,0,0.012,0.01737175073729
623,0.10166598494084,0.95396663081231,0.7127560417277,0,0,0,0.012,0.01737175073729
624,0.15905988012574,0.34616642613069,0.67241805026965,0,0,0,0.012,0.01737175073729
625,0.75198856755002,0.73758161164824,0.77922399099299,0,0,0,0.012,0.01737175073729
626,0.11538837618809,0.15993170678789,0.50044122352559,0,0,0,0.012,0.01737175073729
627,0.57532063455981,0.86808711897885,0.68338467554783,0,0,0,0.012,0.01737175073729
628,0.1689878160535,0.55664931506349,0.88672269256297,0,0,0,0.012,0.01737175073729
629,0.73591096930969,0.87229595437018,0.59951132842237,0,0,0,0.012,0.01737175073729
630,0.2012989720108,0.87070089159716,0.8037674476822,0,0,0,0.012,0.01737175073729
631,0.31546663715112,0.73653169669904,0.88853369010156,0,0,0,0.012,0.01737175073729
632,0.61221876725396,0.68337488892849,0.65188982737185,0,0,0,0.012,0.01737175073729
633,0.53776696929265,0.52357935139838,0.90624970970601,0,0,0,0.012,0.01737175073729
634,0.83180485035263,0.82469613516761,0.45593500938341,0,0,0,0.012,0.01737175073729
635,0.74355639137459,0.75246815883533,0.81496780781167,0,0,0,0.012,0.01737175073729
636,0.75011430850231,0.83376308720962,0.70303164825738,0,0,0,0.012,0.01737175073729
637,0.50200100540919,0.13372092277473,0.65733222508108,0,0,0,0.012,0.01737175073729
638,0.63992441112684,0.7736701772848,0.56685849492223,0,0,0,0.012,0.01737175073729
639,0.14651515254816,0.65912899461718,0.45101137723028,0,0,0,0.012,0.01737175073729
640,0.18609164378208,0.040373664756106,0.53978419368699,0,0,0,0.012,0.01737175073729
641,0.18896761764841,0.39036943070757,0.66645199273946,0,0,0,0.012,0.01737175073729
642,0.86528016931519,0.50986708120011,0.83919176397044,0,0,0,0.012,0.01737175073729
643,0.1136380580364,0.23202822706245,0.8281835714495,0,0,0,0.012,0.01737175073729
644,0.06353666638285,0.48691931879451,0.77246050401729,0,0,0,0.012,0.01737175073729
645,0.59969415090644,0.03438242399491,0.62329410663617,0,0,0,0.012,0.01737175073729
646,0.63321488179413,0.15742374616377,0.82413362034911,0,0,0,0.012,0.01737175073729
647,0.74002300067018,0.97040193058878,0.56289499266556,0,0,0,0.012,0.01737175073729
648,0.8173275287416,0.5198094600795,0.65092287769281,0,0,0,0.012,0.01737175073729
649,0.13143971938638,0.72985347248621,0.57689138803852,0,0,0,0.012,0.01737175073729
650,0.37450787906127,0.073041212787693,0.88113540121909,0,0,0,0.012,0.01737175073729
651,0.76019039548515,0.72800904901661,0.61110060881637,0,0,0,0.012,0.01737175073729
652,0.18131654956638,0.63425198272875,0.71693751396338,0,0,0,0.012,0.01737175073729
653,0.18597441019835,0.68144940077222,0.98322601875861,0,0,0,0.012,0.01737175073729
654,0.74128632117148,0.73422671069731,0.96126826192384,0,0,0,0.012,0.01737175073729
655,0.21006589445417,0.56397676748877,0.97704993252011,0,0,0,0.012,0.01737175073729
656,0.17332705264689,0.69544591452032,0.76516585883475,0,0,0,0.012,0.01737175073729
657,0.58440359695156,0.69292652989051,0.95013390663143,0,0,0,0.012,0.01737175073729
658,0.77579997061276,0.066788839352807,0.9087676732539,0,0,0,0.012,0.01737175073729
659,0.23212833743993,0.37986821976765,0.6984122569661,0,0,0,0.012,0.01737175073729
660,0.48136425525826,0.43673607106865,0.95429607429274,0,0,0,0.012,0.01737175073729
661,0.70107455130093,0.62802255557903,0.47681501167206,0,0,0,0.012,0.01737175073729
662,0.89421940825285,0.89956482479082,0.86975462813699,0,0,0,0.012,0.01737175073729
663,0.018860498202965,0.067905525888116,0.57117035102274,0,0,0,0.012,0.01737175073729
664,0.1401970240035,0.4012639650116,0.946371205092,0,0,0,0.012,0.01737175073729
665,0.47273098242311,0.025080967658585,0.60211718365436,0,0,0,0.012,0.01737175073729
666,0.055524630578162,0.047416722603937,0.59833728075977,0,0,0,0.012,0.01737175073729
667,0.28099764101604,0.78023556548462,0.97446104326478,0,0,0,0.012,0.01737175073729
668,0.37429812158491,0.43059359748782,0.90449671667115,0,0,0,0.012,0.01737175073729
669,0.27370368445061,0.16462863938506,0.90896221769329,0,0,0,0.012,0.01737175073729
670,0.05738457418997,0.61682665092059,0.75235215274516,0,0,0,0.012,0.01737175073729
671,0.34961835746651,0.31962497358575,0.86525945860175,0,0,0,0.012,0.01737175073729
672,0.096350414776012,0.2431014891151,0.84405741895403,0,0,0,0.012,0.01737175073729
673,0.54716088513468,0.13691649290087,0.92458895867769,0,0,0,0.012,0.01737175073729
674,0.3960051026238,0.81999953696202,0.87378960424459,0,0,0,0.012,0.01737175073729
675,0.62143923345532,0.49461357808329,0.97699835372528,0,0,0,0.012,0.01737175073729
676,0.15348590685296,0.71975199379736,0.55286059564785,0,0,0,0.012,0.01737175073729
677,0.34214479119511,0.31328997065984,0.95950536159122,0,0,0,0.012,0.01737175073729
678,0.95613962961778,0.19062307918563,0.46185491564809,0,0,0,0.012,0.01737175073729
679,0.71472784965197,0.4199581805011,0.49779605148524,0,0,0,0.012,0.01737175073729
680,0.67934400792751,0.544022991904,0.97751805272316,0,0,0,0.012,0.01737175073729
681,0.23395166809485,0.40628240836959,0.74188964329867,0,0,0,0.012,0.01737175073729
682,0.78469918496209,0.54766652880303,0.77974028640949,0,0,0,0.012,0.01737175073729
683,0.23271952199185,0.83859267542122,0.6806032347937,0,0,0,0.012,0.01737175073729
684,0.14957659053099,0.66024740336346,0.56625666424476,0,0,0,0.012,0.01737175073729
685,0.10722100882907,0.853299223122,0.69756729799172,0,0,0,0.012,0.01737175073729
686,0.74330090113621,0.29561346054178,0.87338993229286,0,0,0,0.012,0.01737175073729
687,0.12124946016171,0.35943001557585,0.97619725816955,0,0,0,0.012,0.01737175073729
688,0.78693396155972,0.49732179033742,0.63280028257201,0,0,0,0.012,0.01737175073729
689,0.86320444662785,0.54377141618374,0.85803265699736,0,0,0,0.012,0.01737175073729
690,0.7480090967013,0.029514984092424,0.51792453252623,0,0,0,0.012,0.01737175073729
691,0.65579825858603,0.16974093400186,0.58745542020499,0,0,0,0.012,0.01737175073729
692,0.93591864643457,0.55873787870454,0.85389247517659,0,0,0,0.012,0.01737175073729
693,0.55658920466562,0.5512532877872,0.50065372867721,0,0,0,0.012,0.01737175073729
694,0.34741526993476,0.28765255590701,0.66021185989953,0,0,0,0.012,0.01737175073729
695,0.79118392750757,0.37500628049833,0.69301288828937,0,0,0,0.012,0.01737175073729
696,0.39984424044247,0.10316617736669,0.68729681787111,0,0,0,0.012,0.01737175073729
697,0.2029146515013,0.19424193541493,0.50059142397706,0,0,0,0.012,0.01737175073729
698,0.36011087119771,0.75130231735246,0.5987256275636,0,0,0,0.012,0.01737175073729
699,0.31685271937292,0.63925046500814,0.55536235530698,0,0,0,0.012,0.01737175073729
700,0.88743093937941,0.51970595352916,0.69081038250471,0,0,0,0.012,0.01737175073729
701,0.55643250284884,0.1740494879983,0.78004854707057,0,0,0,0.012,0.01737175073729
702,0.36638631528723,0.88765387288211,0.54084356053755,0,0,0,0.012,0.01737175073729
703,0.50688187770916,0.59575793096268,0.46796037980371,0,0,0,0.012,0.01737175073729
704,0.36696448489367,0.72705199155783,0.89136310035875,0,0,0,0.012,0.01737175073729
705,0.31764610468327,0.79142703606136,0.97065266325256,0,0,0,0.012,0.01737175073729
706,0.8483089593019,0.12682052861835,0.84797491799023,0,0,0,0.012,0.01737175073729
707,0.3239948265434,0.9766940028481,0.71112313055078,0,0,0,0.012,0.01737175073729
708,0.13149548470985,0.71978109700137,0.62378002427133,0,0,0,0.012,0.01737175073729
709,0.98514828107179,0.96826768163889,0.80300010435516,0,0,0,0.012,0.01737175073729
710,0.13871062116659,0.68237633057225,0.5000503999221,0,0,0,0.012,0.01737175073729
711,0.040659414854539,0.8152074415195,0.56284708877861,0,0,0,0.012,0.01737175073729
712,0.38193047647865,0.96209441187464,0.63122018996692,0,0,0,0.012,0.01737175073729
713,0.30137402258943,0.90817100502164,0.50958266142871,0,0,0,0.012,0.01737175073729
714,0.75335243628295,0.97635199515214,0.93489725068758,0,0,0,0.012,0.01737175073729
715,0.64802788800418,0.31852333523339,0.58682522681879,0,0,0,0.012,0.01737175073729
716,0.81159298121611,0.87070618826718,0.73268398592769,0,0,0,0.012,0.01737175073729
717,0.25047578047812,0.12223257170034,0.49690255652517,0,0,0,0.012,0.01737175073729
718,0.71381958689592,0.42203587785599,0.93708361110985,0,0,0,0.012,0.01737175073729
719,0.73391919040391,0.19867016640481,0.78021225005921,0,0,0,0.012,0.01737175073729
720,0.43705332412466,0.5753957418534,0.8470811870316,0,0,0,0.012,0.01737175073729
721,0.79884717912349,0.83548763015028,0.58663848335733,0,0,0,0.012,0.01737175073729
722,0.042368824745278,0.7335516629953,0.50721292363242,0,0,0,0.012,0.01737175073729
723,0.31936151402381,0.015725527781494,0.81673818259348,0,0,0,0.012,0.01737175073729
724,0.17512083814914,0.65155563471913,0.98355752470955,0,0,0,0.012,0.01737175073729
725,0.082926773850096,0.087228142097726,0.63312448740328,0,0,0,0.012,0.01737175073729
726,0.85759324002021,0.22235715301809,0.64388326806209,0,0,0,0.012,0.01737175073729
727,0.078861281219763,0.75683956751982,0.66966881232977,0,0,0,0.012,0.01737175073729
728,0.75302676111029,0.89392125064223,0.57522657218313,0,0,0,0.012,0.01737175073729
729,0.80001852187041,0.069675638195482,0.93357989563461,0,0,0,0.012,0.01737175073729
730,0.64715009996994,0.86524527922399,0.45010136005582,0,0,0,0.012,0.01737175073729
731,0.17702312989603,0.39240515912984,0.65417256185471,0,0,0,0.012,0.01737175073729
732,0.23328885050521,0.38445325407661,0.51932060923243,0,0,0,0.012,0.01737175073729
733,0.41485485923739,0.79509783149356,0.70773969552656,0,0,0,0.012,0.01737175073729
734,0.029568090236841,0.42332938080118,0.46462015669794,0,0,0,0.012,0.01737175073729
735,0.95505356815831,0.13639506299079,0.83073632150837,0,0,0,0.012,0.01737175073729
736,0.96142968754033,0.81821410960539,0.82623167094067,0,0,0,0.012,0.01737175073729
737,0.83131385386027,0.97023552035204,0.78428333835862,0,0,0,0.012,0.01737175073729
738,0.55776437123242,0.6251603959858,0.73657962905947,0,0,0,0.012,0.01737175073729
739,0.63184696517577,0.4510459986785,0.5675224324657,0,0,0,0.012,0.01737175073729
740,0.12936129384832,0.078700753182108,0.59166389270591,0,0,0,0.012,0.01737175073729
741,0.057016600574387,0.56555867779537,0.60269970572977,0,0,0,0.012,0.01737175073729
742,0.81674597136444,0.084459094556048,0.57177710379286,0,0,0,0.012,0.01737175073729
743,0.72472023717796,0.59643689890703,0.48469630357574,0,0,0,0.012,0.01737175073729
744,0.86818571033357,0.86820747608314,0.6277595072983,0,0,0,0.012,0.01737175073729
745,0.34423610152746,0.97729168183144,0.78688278378167,0,0,0,0.012,0.01737175073729
746,0.53056492575935,0.83003653201316,0.60348620387574,0,0,0,0.012,0.01737175073729
747,0.43088220942436,0.27335003044289,0.87456853378786,0,0,0,0.012,0.01737175073729
748,0.57158896228745,0.65501327265728,0.58574129896803,0,0,0,0.012,0.01737175073729
749,0.22693989088652,0.48865363968737,0.84681037515538,0,0,0,0.012,0.01737175073729
750,0.52463399856435,0.043862178442952,0.91728070741054,0,0,0,0.012,0.01737175073729
751,0.075134402094731,0.94488469919792,0.4635263724275,0,0,0,0.012,0.01737175073729
752,0.68978364717053,0.092234093566448,0.93994400066429,0,0,0,0.012,0.01737175073729
753,0.46528683598157,0.14622320320162,0.63335884523947,0,0,0,0.012,0.01737175073729
754,0.17286888443471,0.17848794613796,0.960082276303,0,0,0,0.012,0.01737175073729
755,0.44656020256694,0.78187101005053,0.79410779330461,0,0,0,0.012,0.01737175073729
756,0.67219213096978,0.1405328014428,0.5759912312343,0,0,0,0.012,0.01737175073729
757,0.77986832615158,0.95946781334187,0.59131949336755,0,0,0,0.012,0.01737175073729
758,0.2770511154718,0.47354760226101,0.97930608738215,0,0,0,0.012,0.01737175073729
759,0.27450392822132,0.40920458456755,0.92961625002515,0,0,0,0.012,0.01737175073729
760,0.014850929128073,0.050811584838007,0.77499056276684,0,0,0,0.012,0.01737175073729
761,0.8976030456602,0.24512410266154,0.70266727204596,0,0,0,0.012,0.01737175073729
762,0.45165413768315,0.47362003308614,0.78491559582747,0,0,0,0.012,0.01737175073729
763,0.47046991123617,0.44872890743709,0.70516717177746,0,0,0,0.012,0.01737175073729
764,0.58868662260706,0.53611931507107,0.90952516871015,0,0,0,0.012,0.01737175073729
765,0.060308931054426,0.82531746313111,0.90403144353669,0,0,0,0.012,0.01737175073729
766,0.29007022657465,0.46374350369971,0.68593370714593,0,0,0,0.012,0.01737175073729
767,0.22526560177615,0.39927372278375,0.47388062036035,0,0,0,0.012,0.01737175073729
768,0.28315434217765,0.80908180792338,0.6030945178901,0,0,0,0.012,0.01737175073729
769,0.81056971164659,0.53084107951427,0.92336612168647,0,0,0,0.012,0.01737175073729
770,0.57298484371957,0.040956183684347,0.81337607279036,0,0,0,0.012,0.01737175073729
771,0.055777078285209,0.45178269206942,0.95003156429966,0,0,0,0.012,0.01737175073729
772,0.17323904471382,0.39251541508387,0.84266484682051,0,0,0,0.012,0.01737175073729
773,0.87308434583274,0.66684037400545,0.58889720991071,0,0,0,0.012,0.01737175073729
774,0.67041726869748,0.30160617179748,0.83651492504897,0,0,0,0.012,0.01737175073729
775,0.94313633290402,0.71608000936394,0.91422971102242,0,0,0,0.012,0.01737175073729
776,0.01405335366659,0.71235039846644,0.89631810714085,0,0,0,0.012,0.01737175073729
777,0.051585327102359,0.86267938129541,0.58810149658736,0,0,0,0.012,0.01737175073729
778,0.66132508944714,0.79314635869642,0.80651350697955,0,0,0,0.012,0.01737175073729
779,0.10206995717627,0.59400980257013,0.7456760052348,0,0,0,0.012,0.01737175073729
780,0.89071356093072,0.4065379780655,0.62274163107554,0,0,0,0.012,0.01737175073729
781,0.74385434114054,0.41477111383693,0.79759974302344,0,0,0,0.012,0.01737175073729
782,0.64293528752923,0.87872612667112,0.77209651398458,0,0,0,0.012,0.01737175073729
783,0.50210192165381,0.14753841215671,0.5122668310542,0,0,0,0.012,0.01737175073729
784,0.16261784286561,0.17972411316371,0.79317787608679,0,0,0,0.012,0.01737175073729
785,0.73519769827781,0.52927173246089,0.89601153822796,0,0,0,0.012,0.01737175073729
786,0.97947291496982,0.81233232619491,0.82384671634955,0,0,0,0.012,0.01737175073729
787,0.53171287510076,0.45008059675991,0.49540310123597,0,0,0,0.012,0.01737175073729
788,0.40178390142772,0.90029140552382,0.88471617629849,0,0,0,0.012,0.01737175073729
789,0.2228661367002,0.46740919809391,0.88939708333423,0,0,0,0.012,0.01737175073729
790,0.077767320606074,0.39009516331398,0.90829058505422,0,0,0,0.012,0.01737175073729
791,0.40620431131581,0.087751894135218,0.74188349007912,0,0,0,0.012,0.01737175073729
792,0.85306067050876,0.58811869344536,0.57173815845283,0,0,0,0.012,0.01737175073729
793,0.38701787049957,0.45132039491895,0.7616452961665,0,0,0,0.012,0.01737175073729
794,0.75312660002677,0.10850065359581,0.92863279272233,0,0,0,0.012,0.01737175073729
795,0.024014274621435,0.37317108026386,0.46475212664282,0,0,0,0.012,0.01737175073729
796,0.39554284522698,0.52519309915972,0.72528458548419,0,0,0,0.012,0.01737175073729
797,0.17365326974235,0.6422427382777,0.47409080332255,0,0,0,0.012,0.01737175073729
798,0.75562105413637,0.9359249697145,0.63279563117938,0,0,0,0.012,0.01737175073729
799,0.51682563390789,0.38181643076388,0.45361018894861,0,0,0,0.012,0.01737175073729
800,0.38861351756296,0.78471897598495,0.77064199715117,0,0,0,0.012,0.01737175073729
801,0.11082967544714,0.83880814473444,0.73572391503954,0,0,0,0.012,0.01737175073729
802,0.83352200296983,0.57829620042552,0.75111238225306,0,0,0,0.012,0.01737175073729
803,0.11473296666776,0.17534310231352,0.9729495881958,0,0,0,0.012,0.01737175073729
804,0.2350030713328,0.96599326871589,0.73616903255971,0,0,0,0.012,0.01737175073729
805,0.14453011008652,0.10891895537241,0.56236887154891,0,0,0,0.012,0.01737175073729
806,0.91542203356284,0.41621062377716,0.66274363836136,0,0,0,0.012,0.01737175073729
807,0.317689306447,0.15553236935336,0.7124639454928,0,0,0,0.012,0.01737175073729
808,0.13892663129659,0.82742871575022,0.6492735753,0,0,0,0.012,0.01737175073729
809,0.37780828622472,0.47463026826513,0.68894070800393,0,0,0,0.012,0.01737175073729
810,0.98298137969442,0.54429196915935,0.49745251911352,0,0,0,0.012,0.01737175073729
811,0.60431228436378,0.15994627381723,0.46664445337317,0,0,0,0.012,0.01737175073729
812,0.95944434664591,0.76697395905019,0.9772986378696,0,0,0,0.012,0.01737175073729
813,0.47840936309622,0.53148334931499,0.54056528080149,0,0,0,0.012,0.01737175073729
814,0.25298164708345,0.83042403573115,0.64162787724309,0,0,0,0.012,0.01737175073729
815,0.81897141283543,0.70399739627473,0.54531796072114,0,0,0,0.012,0.01737175073729
816,0.50726765540062,0.67313003073219,0.57645002022977,0,0,0,0.012,0.01737175073729
817,0.82275198470411,0.54375179204725,0.53890022085487,0,0,0,0.012,0.01737175073729
818,0.58099280587363,0.98772067602162,0.53098056156349,0,0,0,0.012,0.01737175073729
819,0.80915476061106,0.21433358498224,0.87092492082346,0,0,0,0.012,0.01737175073729
820,0.72894804724539,0.30527763987593,0.62529283767599,0,0,0,0.012,0.01737175073729
821,0.78550087939848,0.46237082236953,0.84318009863987,0,0,0,0.012,0.01737175073729
822,0.15643252922261,0.84409639259579,0.83245597595904,0,0,0,0.012,0.01737175073729
823,0.89717618466215,0.14119544179698,0.76904180092612,0,0,0,0.012,0.01737175073729
824,0.59674168618201,0.3569776838312,0.69665493475156,0,0,0,0.012,0.01737175073729
825,0.049070009790615,0.73995939675335,0.74553549426917,0,0,0,0.012,0.01737175073729
826,0.068355261786334,0.67641775493118,0.70112875507128,0,0,0,0.012,0.01737175073729
827,0.045634188214326,0.95833714167247,0.96062233340089,0,0,0,0.012,0.01737175073729
828,0.51259275681236,0.10342428181633,0.85598621619914,0,0,0,0.012,0.01737175073729
829,0.49212475075452,0.30718874121425,0.71438297878763,0,0,0,0.012,0.01737175073729
830,0.52190548677531,0.5612066193424,0.68737835924836,0,0,0,0.012,0.01737175073729
831,0.60321717814199,0.90868508113246,0.64490023086147,0,0,0,0.012,0.01737175073729
832,0.72029926557546,0.88498569307029,0.69531685210477,0,0,0,0.012,0.01737175073729
833,0.44481289651939,0.59966617551624,0.76817683611981,0,0,0,0.012,0.01737175073729
834,0.79923119265208,0.47704778178155,0.98591415025104,0,0,0,0.012,0.01737175073729
835,0.070044246620182,0.015091819942339,0.79442669028329,0,0,0,0.012,0.01737175073729
836,0.30327246816332,0.24661321271017,0.61780170526672,0,0,0,0.012,0.01737175073729
837,0.26190242093761,0.042051085767699,0.97268477611211,0,0,0,0.012,0.01737175073729
838,0.22744759649866,0.72841305335801,0.86027686056594,0,0,0,0.012,0.01737175073729
839,0.91895522033456,0.041816269796159,0.91916200364959,0,0,0,0.012,0.01737175073729
840,0.52657275372462,0.62936305622459,0.796725010196,0,0,0,0.012,0.01737175073729
841,0.8121226543966,0.33740554640096,0.84438153958553,0,0,0,0.012,0.01737175073729
842,0.52789223476445,0.78635256470518,0.98291376188229,0,0,0,0.012,0.01737175073729
843,0.20783539215426,0.98277707397299,0.49831893880379,0,0,0,0.012,0.01737175073729
844,0.01426193330799,0.055102044801687,0.633878930873,0,0,0,0.012,0.01737175073729
845,0.62971657445611,0.079372834217433,0.45304820671791,0,0,0,0.012,0.01737175073729
846,0.92660083994627,0.8142003981989,0.88534054408648,0,0,0,0.012,0.01737175073729
847,0.87519808691268,0.6952334464103,0.50616942528405,0,0,0,0.012,0.01737175073729
848,0.40152178503351,0.71779389856288,0.60081993991038,0,0,0,0.012,0.01737175073729
849,0.68290860921092,0.035910491939014,0.6147018892559,0,0,0,0.012,0.01737175073729
850,0.54795120906933,0.62891967070017,0.76044787528618,0,0,0,0.012,0.01737175073729
851,0.69301013218168,0.017942614080054,0.50430636586758,0,0,0,0.012,0.01737175073729
852,0.86008958930104,0.67738667636839,0.5107572237722,0,0,0,0.012,0.01737175073729
853,0.83386464546449,0.24841766977111,0.70730381821059,0,0,0,0.012,0.01737175073729
854,0.15371179628396,0.70506741783562,0.80876768025354,0,0,0,0.012,0.01737175073729
855,0.21804577705269,0.85467914668909,0.66590263809524,0,0,0,0.012,0.01737175073729
856,0.29749472730984,0.16067368180932,0.59319838990782,0,0,0,0.012,0.01737175073729
857,0.033498277754608,0.58125931060914,0.90312014143828,0,0,0,0.012,0.01737175073729
858,0.5478049176849,0.22601138645436,0.4681140170858,0,0,0,0.012,0.01737175073729
859,0.22147700112616,0.41813451325829,0.85867095123523,0,0,0,0.012,0.01737175073729
860,0.19533462445996,0.71451646001715,0.9164102081183,0,0,0,0.012,0.01737175073729
861,0.45505212164078,0.81371762011475,0.74840565566396,0,0,0,0.012,0.01737175073729
862,0.63380065636105,0.52564777954906,0.69918692091018,0,0,0,0.012,0.01737175073729
863,0.24102175630834,0.30791740091955,0.6060039236314,0,0,0,0.012,0.01737175073729
864,0.56176999954396,0.12907480415229,0.94323392976468,0,0,0,0.012,0.01737175073729
865,0.71535942158958,0.40381093472077,0.53533979243581,0,0,0,0.012,0.01737175073729
866,0.87282435696699,0.81600741661773,0.8382861989808,0,0,0,0.012,0.01737175073729
867,0.27702991465969,0.40478791963185,0.50527856286495,0,0,0,0.012,0.01737175073729
868,0.19650257605317,0.77622424415938,0.83469083177,0,0,0,0.012,0.01737175073729
869,0.5912421043584,0.88622928784462,0.7637973861079,0,0,0,0.012,0.01737175073729
870,0.46776076971814,0.34420184773666,0.95596129452502,0,0,0,0.012,0.01737175073729
871,0.092730295360815,0.92054608059783,0.89477248861799,0,0,0,0.012,0.01737175073729
872,0.1388116067349,0.56342472884243,0.9162028131558,0,0,0,0.012,0.01737175073729
873,0.57008573869658,0.89742702340009,0.95732529407456,0,0,0,0.012,0.01737175073729
874,0.42424729122394,0.38025813213179,0.95374077989929,0,0,0,0.012,0.01737175073729
875,0.67093670334223,0.12523813565614,0.47275296194423,0,0,0,0.012,0.01737175073729
876,0.56307795742945,0.91984686389061,0.90420580215855,0,0,0,0.012,0.01737175073729
877,0.67162740567675,0.14777707048605,0.58677648412479,0,0,0,0.012,0.01737175073729
878,0.86649895470402,0.19041985701266,0.59980040159024,0,0,0,0.012,0.01737175073729
879,0.13849023109832,0.67188162964954,0.957862482185,0,0,0,0.012,0.01737175073729
880,0.27451279995658,0.47599684791799,0.79127477973528,0,0,0,0.012,0.01737175073729
881,0.98747905896341,0.11429267246626,0.71823108897444,0,0,0,0.012,0.01737175073729
882,0.38787723496692,0.85704048526855,0.70607063775435,0,0,0,0.012,0.01737175073729
883,0.12031406598881,0.63119797021054,0.86467997144031,0,0,0,0.012,0.01737175073729
884,0.014812103146905,0.85034172076432,0.55008037393283,0,0,0,0.012,0.01737175073729
885,0.55081969492661,0.41781835535598,0.83717375271849,0,0,0,0.012,0.01737175073729
886,0.37425373311688,0.86088885829262,0.84300704135748,0,0,0,0.012,0.01737175073729
887,0.6441680583607,0.7891308170712,0.85566439319604,0,0,0,0.012,0.01737175073729
888,0.047076147441092,0.39726073024427,0.95077432423818,0,0,0,0.012,0.01737175073729
889,0.13470688199531,0.73140623154884,0.9743303925795,0,0,0,0.012,0.01737175073729
890,0.062945861720796,0.67782122853064,0.70186692994128,0,0,0,0.012,0.01737175073729
891,0.57727504281756,0.095293147065875,0.47313773991881,0,0,0,0.012,0.01737175073729
892,0.66286186308576,0.81555000634321,0.87072425077064,0,0,0,0.012,0.01737175073729
893,0.54275439311366,0.1094700145957,0.8201679119569,0,0,0,0.012,0.01737175073729
894,0.24808355032241,0.90120305267023,0.90098676352564,0,0,0,0.012,0.01737175073729
895,0.70435777861319,0.93807365286569,0.4669049382998,0,0,0,0.012,0.01737175073729
896,0.73053161248589,0.33431694999956,0.93746344555813,0,0,0,0.012,0.01737175073729
897,0.27227499632278,0.71945994632172,0.92217409577446,0,0,0,0.012,0.01737175073729
898,0.052657056867232,0.40010403855391,0.8601222580626,0,0,0,0.012,0.01737175073729
899,0.45600083560133,0.27283856464257,0.56825527767833,0,0,0,0.012,0.01737175073729
900,0.14036182766705,0.84855845222822,0.75954120952765,0,0,0,0.012,0.01737175073729
901,0.086551702760286,0.3853983932919,0.64784070475452,0,0,0,0.012,0.01737175073729
902,0.18937744913747,0.43705544375703,0.62866946129115,0,0,0,0.012,0.01737175073729
903,0.34560041645874,0.73328992180959,0.57011570082294,0,0,0,0.012,0.01737175073729
904,0.63845532267255,0.56895403548209,0.75563377231516,0,0,0,0.012,0.01737175073729
905,0.65909516974646,0.54722086311666,0.92303924888981,0,0,0,0.012,0.01737175073729
906,0.67136617385473,0.54583613385424,0.89641255656477,0,0,0,0.012,0.01737175073729
907,0.60359904687768,0.29615678791181,0.56141706594415,0,0,0,0.012,0.01737175073729
908,0.1606719226028,0.88986828862681,0.83205286490809,0,0,0,0.012,0.01737175073729
909,0.92688136026979,0.60081279914097,0.70468967281199,0,0,0,0.012,0.01737175073729
910,0.070283296095558,0.66752286897563,0.76322830929913,0,0,0,0.012,0.01737175073729
911,0.9784438750946,0.24541896661932,0.73553669615007,0,0,0,0.012,0.01737175073729
912,0.64733435965877,0.64112098194366,0.75197592980693,0,0,0,0.012,0.01737175073729
913,0.7702817402095,0.21206166257823,0.84038743612246,0,0,0,0.012,0.01737175073729
914,0.61686094210277,0.88656931007128,0.90579060815248,0,0,0,0.012,0.01737175073729
915,0.31958351207398,0.28160763232885,0.97812948650286,0,0,0,0.012,0.01737175073729
916,0.5266108137238,0.89666685878408,0.53816799189822,0,0,0,0.012,0.01737175073729
917,0.63939126138062,0.80242354041284,0.95969864239677,0,0,0,0.012,0.01737175073729
918,0.34124397686484,0.71958162326634,0.73988139836044,0,0,0,0.012,0.01737175073729
919,0.071173833714048,0.68543974627618,0.82127195088087,0,0,0,0.012,0.01737175073729
920,0.9202722453698,0.49737694719239,0.57387499462893,0,0,0,0.012,0.01737175073729
921,0.055494296037808,0.41766676727008,0.61243118326491,0,0,0,0.012,0.01737175073729
922,0.75482218526792,0.35776534194408,0.96060030408747,0,0,0,0.012,0.01737175073729
923,0.95121476067028,0.61800678320844,0.94961923484639,0,0,0,0.012,0.01737175073729
924,0.75459384367699,0.54573500867575,0.54700566921943,0,0,0,0.012,0.01737175073729
925,0.45959159946591,0.55941347550108,0.9148113292966,0,0,0,0.012,0.01737175073729
926,0.48178137566961,0.8881304829447,0.81279974871708,0,0,0,0.012,0.01737175073729
927,0.14571108223298,0.98310181318914,0.7336511702921,0,0,0,0.012,0.01737175073729
928,0.39445370254696,0.65529502969146,0.50858460325487,0,0,0,0.012,0.01737175073729
929,0.63326171303918,0.49827833560496,0.66879064981202,0,0,0,0.012,0.01737175073729
930,0.942147539606,0.52199876620192,0.56788520436371,0,0,0,0.012,0.01737175073729
931,0.45994835366246,0.90932210650912,0.54473936611305,0,0,0,0.012,0.01737175073729
932,0.22082206638701,0.024716855000566,0.45763424656211,0,0,0,0.012,0.01737175073729
933,0.82148622469081,0.7265516642196,0.6410120882095,0,0,0,0.012,0.01737175073729
934,0.69355168632256,0.39772098277721,0.96265847427364,0,0,0,0.012,0.01737175073729
935,0.95584341201416,0.39536672577707,0.90957138484739,0,0,0,0.012,0.01737175073729
936,0.7665349061716,0.31455993772603,0.57483742904455,0,0,0,0.012,0.01737175073729
937,0.45923701635405,0.77459647104391,0.96657026831935,0,0,0,0.012,0.01737175073729
938,0.75725316959422,0.84668202028822,0.77444859811161,0,0,0,0.012,0.01737175073729
939,0.82735804374791,0.77759475549888,0.65281822127059,0,0,0,0.012,0.01737175073729
940,0.55074253955296,0.79743904931824,0.47477852468874,0,0,0,0.012,0.01737175073729
941,0.80068537933583,0.18561880456888,0.72689978595177,0,0,0,0.012,0.01737175073729
942,0.80087683188714,0.25972937395729,0.58224440554032,0,0,0,0.012,0.01737175073729
943,0.40509805577166,0.88517136822765,0.45023821752434,0,0,0,0.012,0.01737175073729
944,0.89174990093048,0.16211565799498,0.98266646944406,0,0,0,0.012,0.01737175073729
945,0.94393065841903,0.49480298494022,0.7258434932847,0,0,0,0.012,0.01737175073729
946,0.48199215494253,0.63219299584879,0.49880827520814,0,0,0,0.012,0.01737175073729
947,0.043835117664226,0.068318051882178,0.68906855644928,0,0,0,0.012,0.01737175073729
948,0.28093479189353,0.61911061086425,0.98393395227932,0,0,0,0.012,0.01737175073729
949,0.38905141924065,0.57206906607154,0.67359489554048,0,0,0,0.012,0.01737175073729
950,0.83893714609762,0.89258272844055,0.92201731884132,0,0,0,0.012,0.01737175073729
951,0.96298730873694,0.038858726040311,0.90182109766924,0,0,0,0.012,0.01737175073729
952,0.74572964247119,0.23520574423065,0.96450020954464,0,0,0,0.012,0.01737175073729
953,0.15662165646139,0.67524073225212,0.57099093387462,0,0,0,0.012,0.01737175073729
954,0.43302750987179,0.71390006341964,0.75306865802428,0,0,0,0.012,0.01737175073729
955,0.4292417882956,0.33050630568906,0.90173689598875,0,0,0,0.012,0.01737175073729
956,0.15236280613107,0.43178040243512,0.93622157268902,0,0,0,0.012,0.01737175073729
957,0.8375491606546,0.40331915823536,0.86055229817044,0,0,0,0.012,0.01737175073729
958,0.81540497248472,0.8795541266354,0.74294410511983,0,0,0,0.012,0.01737175073729
959,0.21155382326426,0.26118165903933,0.60908373520759,0,0,0,0.012,0.01737175073729
960,0.59155121853659,0.044022194792169,0.79219084957275,0,0,0,0.012,0.01737175073729
961,0.36760974212863,0.30015599808547,0.92316915338816,0,0,0,0.012,0.01737175073729
962,0.4609623352249,0.10477176981782,0.89478976120619,0,0,0,0.012,0.01737175073729
963,0.058497871849631,0.72130723850155,0.86636154781589,0,0,0,0.012,0.01737175073729
964,0.35614014402791,0.81699294745525,0.72742475698412,0,0,0,0.012,0.01737175073729
965,0.464174605509,0.05631360532673,0.606035706894,0,0,0,0.012,0.01737175073729
966,0.92066573413439,0.3944201940607,0.74412487951219,0,0,0,0.012,0.01737175073729
967,0.53125316068045,0.58826074700058,0.48299605547593,0,0,0,0.012,0.01737175073729
968,0.36548402554122,0.71777319369962,0.55790141516959,0,0,0,0.012,0.01737175073729
969,0.21069249568803,0.02184843453227,0.68536527800968,0,0,0,0.012,0.01737175073729
970,0.87354876262343,0.06265532041002,0.55282186230048,0,0,0,0.012,0.01737175073729
971,0.3146425105109,0.72616334220649,0.79466194641281,0,0,0,0.012,0.01737175073729
972,0.41796124668887,0.75285128456262,0.77798148624165,0,0,0,0.012,0.01737175073729
973,0.88653582475885,0.81039410296024,0.58601371877021,0,0,0,0.012,0.01737175073729
974,0.2769240547263,0.13434792317107,0.63128702074605,0,0,0,0.012,0.01737175073729
975,0.98755486219011,0.40801313427168,0.56862277684171,0,0,0,0.012,0.01737175073729
976,0.75618329733241,0.54145169994602,0.53048557814671,0,0,0,0.012,0.01737175073729
977,0.38355313180134,0.41652244342411,0.85556037725856,0,0,0,0.012,0.01737175073729
978,0.032175262027489,0.27456316986384,0.72846681149816,0,0,0,0.012,0.01737175073729
979,0.27439441747818,0.62535163723337,0.70924470542204,0,0,0,0.012,0.01737175073729
980,0.36502920806477,0.93842762121444,0.79010180948944,0,0,0,0.012,0.01737175073729
981,0.13882277988486,0.55864949704073,0.87003373697939,0,0,0,0.012,0.01737175073729
982,0.70348594798649,0.17995908931286,0.97316195779449,0,0,0,0.012,0.01737175073729
983,0.45004211926054,0.16720839899584,0.54694531469864,0,0,0,0.012,0.01737175073729
984,0.10787735054483,0.79623366837637,0.51565240502998,0,0,0,0.012,0.01737175073729
985,0.13412225150827,0.84206029626901,0.63539699944844,0,0,0,0.012,0.01737175073729
986,0.042117309025371,0.062649812911568,0.52648769996898,0,0,0,0.012,0.01737175073729
987,0.22027190639848,0.66118268285495,0.53464153783546,0,0,0,0.012,0.01737175073729
988,0.1280214045206,0.75836588058908,0.81102774243363,0,0,0,0.012,0.01737175073729
989,0.43687643610793,0.54812634061565,0.61784740347671,0,0,0,0.012,0.01737175073729
990,0.48292041473169,0.50651250040883,0.65833365293149,0,0,0,0.012,0.01737175073729
991,0.89681447566972,0.027676383761487,0.87080813743583,0,0,0,0.012,0.01737175073729
992,0.13339764385365,0.79040622172392,0.78136060683303,0,0,0,0.012,0.01737175073729
993,0.83503941401908,0.10717398521564,0.75073158123074,0,0,0,0.012,0.01737175073729
994,0.50106177171691,0.70124454392062,0.73744831311097,0,0,0,0.012,0.01737175073729
995,0.53975693895664,0.43128564181608,0.61615291780037,0,0,0,0.012,0.01737175073729
996,0.48269001388112,0.12764854264118,0.96729417506755,0,0,0,0.012,0.01737175073729
997,0.70926490805224,0.94160790721966,0.57197933309417,0,0,0,0.012,0.01737175073729
998,0.87023683170242,0.80137902944082,0.81430800043806,0,0,0,0.012,0.01737175073729
999,0.62202848608008,0.32095246725788,0.88922900235439,0,0,0,0.012,0.01737175073729
